worker_id,session_id
A2QX3YJXAAHHVV,36bc101319da4b3590b96bce76f7c02c
A394JO4NEPCY3M,9aca14b9d4bc4e4b9b240782bd72c6db
A2QKAA5YS0P4CI,499f9577962c4a2c98aee3f5b6098a71
AZLZA0Q87TJZO,7267ada18a784f5089b55427212251b3
A2YTQDLACTLIBA,1a14bae2ca9f422ea8779752233a203a
A2WGW5Y3ZFBDEC,b72437b88da64ad392d21dbc32ca9af0
AFRJKS3Z3H4CA,4d56ca2cb8c44243a3c86dd80216c1d5
A2YTQDLACTLIBA,789f87d67d884e1898dc4a6e2e0e9d7b
A3VEF4M5FIN7KH,5b721b51643b41c38ee4ddb543f0d8f6
A2YTQDLACTLIBA,a09cbbf5323a4bd2aa5a2ae775258c38
A2YTQDLACTLIBA,050118bfac954920a524e7070132690b
AFRJKS3Z3H4CA,7e9c3c8fbe1f4a02bcb9940a2bf95d9f
A1QUQ0TV9KVD4C,4951e256dc4f4b44a90c95f8af2f34b7
A1QUQ0TV9KVD4C,c802d58c0f014745af7b010e31e863c3
A1QUQ0TV9KVD4C,ac0d02d15e164314841ae2ce49d2b2c9
A1QUQ0TV9KVD4C,5929420aebc940789c58a72f8c8ccd56
A3O5RKGH6VB19C,ff0d41e1426c410bbf87423713ac5e89
A3O5RKGH6VB19C,a567ef08f6c54b6bbfa892f39c462934
A3O5RKGH6VB19C,f3ecf0ce872940238b0bd429a3e36322
A3O5RKGH6VB19C,5e7e514646ae4e468f3f20972dac1ddc
A2OVX9UW5WANQE,adac0650634f4228bdd483b8ce1f52ea
A2WGW5Y3ZFBDEC,10638735a10248c29ef1747f2f12c0b7
A3O5RKGH6VB19C,7062d62b58b64877aab1d5e95b927616
A2OVX9UW5WANQE,4ba0ab41e7a6458eacf213c24050ade3
A3O5RKGH6VB19C,9a01bc361d3c4dd09d596c716c16f5a3
A3O5RKGH6VB19C,3ec4b47601ca4e9892edbd08b3173742
A2WGW5Y3ZFBDEC,1e71cd3d266046fdaeeef386a80a0781
A3O5RKGH6VB19C,892c76509c2c4082810a501b3775a405
A2OVX9UW5WANQE,d99c239ccb2841f6bfe743f865126332
A3O5RKGH6VB19C,b79b62f6c9c3404488b5265566f61b57
A2WGW5Y3ZFBDEC,696c87b7fe7f4f869e84d30e9bd97823
A3O5RKGH6VB19C,b821e4ee78184af086b8e229b0387500
A2WGW5Y3ZFBDEC,0a6500a997e24468a743b34eda6be51e
A1S5KQVM900NE,e0435f4cf6fc435c872ffc5b66b66b0c
A2OVX9UW5WANQE,0676be9886614881a7c2f933ef80337e
A3O5RKGH6VB19C,85592766aa1940778f8f71cda90305e1
A2WGW5Y3ZFBDEC,f84a83053e004acb9ccc912f7c6d8ec6
A2ONILC0LZKG6Y,2d9358657a364ccab47e9a7538cb6650
A1PBRKFHSF1OF8,c65f1ff1c8674f12bbb3a4a4b62ec7f1
A2QKAA5YS0P4CI,d751bbe533c947da999264d16545705d
A1PTH9KTRO06EG,335ffea5a1a8426badc75a2fa056a1a8
A2ONILC0LZKG6Y,48614678f47848e49060db320a454716
A2QX3YJXAAHHVV,c72d65250b4f4c1193e2f089afe9429c
A2QX3YJXAAHHVV,17f65e14d6ab4f7596367a394daf3f82
A394JO4NEPCY3M,c39a4e04b8b7471ab8601c74d57dcd1b
A2QX3YJXAAHHVV,e473eeedb2ed40038c043c95303a990e
A2OVOVZBJYUO,ddb30c809dfe47f8b0d0c10147b240b4
A2QX3YJXAAHHVV,562cda138b314c97b21ba43f691b79ec
A2QX3YJXAAHHVV,c0bda7b135404137b66b5ade3bf1c8bc
A1FVXS8IM5QYO8,bd54a50b118341678efa571079cae11e
A2WGW5Y3ZFBDEC,b4134879f6494953bfca7456a0bc8341
A2WGW5Y3ZFBDEC,242eb23d0a2a46a789be2b41a665873d
A2WGW5Y3ZFBDEC,5827d7fcff0d48f78870ee95b4833fef
A2WGW5Y3ZFBDEC,0822cf8998be4c44962989a70f00eb9e
A2OVX9UW5WANQE,3fa1c25393bc47dfb78329c8ce55857f
A1PTH9KTRO06EG,f58ab329f0764998a66dc23a54e81abd
A2OVX9UW5WANQE,d84e8db741bf49589f2f86663fbea879
A1PTH9KTRO06EG,f670362dc84144aabb373a577490e491
A2EED3HLTA96CP,5f020c0bdea94db5aad0478ba02f2924
A1PTH9KTRO06EG,76c3366d06584c42b5c0d1af41b63ccb
A1QUQ0TV9KVD4C,a8cf086c79104dedaf0894b6ae96411f
A1QUQ0TV9KVD4C,cfea3807443b4149a2c68fb1ee0341f5
A1QUQ0TV9KVD4C,07c5099d0eb24fb29da557733ed48f62
A1QUQ0TV9KVD4C,ed71ed0719334d8a8219d77798f6a739
A2QX3YJXAAHHVV,a6fdd2b52268416d9b3ebf015fa82e18
A1QUQ0TV9KVD4C,01a3e8d4e52f4f1483bf48b33cd88cd9
A1PTH9KTRO06EG,2b34c5a6b1bd4256980b6a3e8ed3d196
AZLZA0Q87TJZO,5bb9fe2145ff4374b3c007f0486bdd0a
APRZ7BR8C0ZMQ,322cc9be91574818ae2811e740e7d142
AZLZA0Q87TJZO,786e6c194f0a4fd182440d297bfc3b9f
A173MXK429XAZQ,c8fe68ef837447728273c137d49a144f
A2QX3YJXAAHHVV,b978d5f14d4e4a5291d28757a84f0796
A2YTQDLACTLIBA,7edc4eee07cd44db9a01e28f1ef20064
A2QX3YJXAAHHVV,641b82584ed44b07b06840e2d0d9e75b
A1PTH9KTRO06EG,5db9af9d7eb8449482b05842af955c63
A2QX3YJXAAHHVV,2f8c2905bd764dd1a70ed96115e75edb
A2QX3YJXAAHHVV,bf739551dea348c48635d2fbabb51ed3
A1PTH9KTRO06EG,8619af4decba4fd0b44bd0194df73038
A1S5KQVM900NE,aa092c2e66ea48d89361cc668d7d4919
A2RUHO7I7Y4XFA,81f59f9cba194b04802bbeae51dc798c
A2EED3HLTA96CP,a59321f59eeb459da6a427267afefb9b
A1PTH9KTRO06EG,8d77e68c9e2246949f8f3af5342da3a2
A1PTH9KTRO06EG,b768132809f240b2a3efa1719be82ae4
AZLZA0Q87TJZO,787875eafca34b36a32a0a4d81c620c1
A1E235KE3CSO7H,a1f6b84f1d60425ea7f1f34c2ff519e2
A2QX3YJXAAHHVV,d4a9f1685bf541d29e96abe560ef4589
A2QX3YJXAAHHVV,3ca31115e49946af820f4e5c6cc31311
A2QX3YJXAAHHVV,626255ec39a349df84e75196a01c9e55
A2QX3YJXAAHHVV,11142ca391e749809df56da90091adb4
A1E235KE3CSO7H,455d43b4c912498eac41138c743501aa
A2QX3YJXAAHHVV,65c928cb0ce8466fa757955c2d32814b
A394JO4NEPCY3M,b497d14e65404451850e963ceb3073cf
APRZ7BR8C0ZMQ,116ae37dd7f5497c8257767b81a72cf3
A2WGW5Y3ZFBDEC,1763bf2d3371474ab481253b7731c586
A2WGW5Y3ZFBDEC,11f99f1431f74db3bb09b522504d31b3
A2WGW5Y3ZFBDEC,e4bf8d4c04c743b39fb94f724339f642
A1WKF2VH7TV0H2,fe7442150cf74ed99d61e116a8a5426b
A2WGW5Y3ZFBDEC,22041e7a62c246398773d82b83cb08fd
A1WKF2VH7TV0H2,2563e300aebd45b9a0adde07b8e23001
A2WGW5Y3ZFBDEC,5a17e70a18c04205aac7f7bb845b8333
A2OVOVZBJYUO,b1764d1ab84a4d23a983a53fff269aed
A2WGW5Y3ZFBDEC,d7dd51e0a729428f8419480e4d8da32c
A2WGW5Y3ZFBDEC,84525c08fad348c6877ace95de0fcdaa
A2WGW5Y3ZFBDEC,dcf41dcfdb0e4a98949063447b455792
A1PBRKFHSF1OF8,992ccdb3cd144e62aa7cddce5efbac3d
A2EED3HLTA96CP,864b77f0d5f34f2b9946e518cdeee98a
A2EED3HLTA96CP,797e87aff94142b1be301e11df758d63
ASVRLMDNQBUD9,b93e342180e34c518e2ff42b2589a68e
A3DUPRZSMU9W5R,223f27bcebb5496a850b7ce86d50e910
A2EED3HLTA96CP,b0a2fd2acd9f49ebabf15233e8711c0b
A3DUPRZSMU9W5R,110c2c98170f41b3b0f91f3af71ce98a
A2EED3HLTA96CP,edd8e02d22034990afa5f3435904c34f
A1PTH9KTRO06EG,0cb1f752dd254646830cf016f27b9f4f
A3DUPRZSMU9W5R,0a8e182a20df447db4846b1223c619b5
APRZ7BR8C0ZMQ,e1c857cecaf04ee6a38149b0d5e6abdb
A3DUPRZSMU9W5R,11d219390dd847a9809092f91a1416d4
A1QUQ0TV9KVD4C,eb9fd1c4b18b44679e21e09e4fc7fe0b
A1QUQ0TV9KVD4C,fe0fb4892ea749c7a67b12172793c3a4
A1PTH9KTRO06EG,dd87568fb11649f283279a507a1c2f11
A1QUQ0TV9KVD4C,18d61fce4bcc4ccf9bd49c621b0ec1c0
A1QUQ0TV9KVD4C,86b1f1bb36bc4cc588e6dfc86d7a5bc4
A2EED3HLTA96CP,0722c529c6924e989c5723366906e6d2
A3DUPRZSMU9W5R,0139e814be15409dbab46c2d2d9ca07f
A1QUQ0TV9KVD4C,a60c272551c6418a845424432fc4cc72
A3DUPRZSMU9W5R,d7e61761eda64607b4b1232dcc09bddc
A1QUQ0TV9KVD4C,e29599231e66474b8a524c23db775e47
A1QUQ0TV9KVD4C,47dff3bdc673494296ba42b16fec93fd
A1QUQ0TV9KVD4C,3cfab79e841a41a7b6edf77e7b28886b
A2RUHO7I7Y4XFA,23553b4984aa4e4a91326ebd9393f01c
A2YTQDLACTLIBA,ec5462994a4b4614a7d95eac2f39a693
A2RUHO7I7Y4XFA,3ca2007bfff344b0a3f1322866235137
A2ONILC0LZKG6Y,8c04c390a801420a9772009868a6c4f0
A2YTQDLACTLIBA,b6c87b8153ce4791a449f6b80a7f438e
A2RUHO7I7Y4XFA,3ab1ca63246449669bf1f7b9c90d379b
A2YTQDLACTLIBA,04a4118571c642a18348c2e4a01f67c0
A2RUHO7I7Y4XFA,b110df89e00549d39910dc176a617be7
A2RUHO7I7Y4XFA,64e545e776c1466687f0fe0dc8bb0d88
A2ONILC0LZKG6Y,13ff0c5ffe4341a8bcec84ef343a9359
A2RUHO7I7Y4XFA,fbd7e4482a5d4be7b725b2a5be5406bb
A1PTH9KTRO06EG,da4fed90272b41edb41f63fed4a928f0
A2WGW5Y3ZFBDEC,8393a8ed335f438c9ad5ca3d25a947b6
A2WGW5Y3ZFBDEC,58e702b7c7e249a0aaf762ea10f833b3
A2WGW5Y3ZFBDEC,98de646c88b04772b24503cb24056236
A2EED3HLTA96CP,0fe679b3bb1a472bb1d375c1c58e3687
A2QX3YJXAAHHVV,0701c34e77564a46accbddb80138116c
A1PTH9KTRO06EG,ba6d32a6c29a4bfeacf1e25a87a1f804
A2EED3HLTA96CP,3d6a7c48810349b4a145b117bd38afa9
A2QX3YJXAAHHVV,8610d3166aea4491b673112459745fc1
A2EED3HLTA96CP,b15bdf5fdb764c3b97f9ec4ab3d348e3
A2QX3YJXAAHHVV,5fe6fd486c824ec9ae9f7a5cfe422491
A2QX3YJXAAHHVV,931c030acd5e41b1bfac856da1aeb8e3
A2QX3YJXAAHHVV,ca8ad78852e7427598cb82fa420483b4
A2ONILC0LZKG6Y,06209e0aab79451d994d756ff3542754
A2QX3YJXAAHHVV,61365e6b13164a04b33e0c5b18aa73c8
APRZ7BR8C0ZMQ,a4f09dbc1ed0489399cf6d1db00c5a89
A2WGW5Y3ZFBDEC,7db807f901e64357a4ebcee6908e8755
A3VEF4M5FIN7KH,e81d6b763cc44618a315a087b3ff155c
A1PTH9KTRO06EG,cfec8b365d874b18a765ce4afd83b125
A2WGW5Y3ZFBDEC,e195e7359d4c4557a26c6130a30d5f88
A3VEF4M5FIN7KH,5d97592b669a4155b2f8d7308d649c0d
A2ONILC0LZKG6Y,2043279d646845e9b3875b5d0a66d610
A2WGW5Y3ZFBDEC,b185f407365540f2bc3e32d45bb3d154
A2QX3YJXAAHHVV,66a790d09bc345608cb23e4bed92bd7a
A1PTH9KTRO06EG,d301787ad1c14454943032e70f5f46f0
A2WGW5Y3ZFBDEC,ae3a87fc6c5e4c18897f71b93d670529
A2WGW5Y3ZFBDEC,d2938c7114bb4f228ae7e3e801e2165b
A1WKF2VH7TV0H2,a339f26845ca4af6841501de1929b6d7
A1WKF2VH7TV0H2,05dd6e0c70cd41caacfcc3d44beca27b
A2WGW5Y3ZFBDEC,ad4eeaa42cea40e7b278d61f1505ef7f
A1QUQ0TV9KVD4C,ccbcf12b87b04596848a5091118c49d9
A3O5RKGH6VB19C,12c0273868a84564a5f001c3c086f69f
A3O5RKGH6VB19C,7b7b1b40027c4974ade1850596e6726f
A3O5RKGH6VB19C,876a292223a74b1a8ad5525d93b26d69
A3O5RKGH6VB19C,1da7eb35b68842dc9b5017abaf1359d4
A1QUQ0TV9KVD4C,676557098dfe452d88e87d3a01b5100b
A1WKF2VH7TV0H2,f8fd4fb1d3ae456a8a5dddefc9389aa3
A1PBRKFHSF1OF8,fc1a28ed73b6450c8a4b9fe3b6349257
A2WGW5Y3ZFBDEC,e5c079dbe9104da4ae1d7b8f7cd3be3d
A1QUQ0TV9KVD4C,5b7f010672c4459e86b69d0fc99f0509
A1QUQ0TV9KVD4C,309c885c1f7e483681d807a14b36c831
A1QUQ0TV9KVD4C,48058b31f2ea4797bc9dcc40ab9ee2f1
A1QUQ0TV9KVD4C,7b0cd9f4cae6467ca5bcd8c5e0aed9e6
A1QUQ0TV9KVD4C,dcf08dcc251f48109e68b46ffc0561d6
A2EED3HLTA96CP,f7156d363a5d45ea9f0171bc468277b7
A1QUQ0TV9KVD4C,89d3dfa041f54a32ba310a2b34a4055e
A3DUPRZSMU9W5R,94e6de534f4b4e2d965348fc3f4e317d
A1QUQ0TV9KVD4C,ff21eabc9606411ba8cd583fdcdfe72c
ASVRLMDNQBUD9,4188274e748741b7be255974e7b1f6d9
A3DUPRZSMU9W5R,c99f8c2465da42cc91498fd9d99e360b
A2EED3HLTA96CP,5a79775f3b054f82a6cb92319da17db5
A1QUQ0TV9KVD4C,63ab89c6ca594ea0a80519442ac4c27b
A3DUPRZSMU9W5R,f4aa98d6f88649e786c95c9c77960a26
A1PTH9KTRO06EG,d79796ab007244e8abb0ff2efda4a92a
A1QUQ0TV9KVD4C,2a907d5c4723445c9c9653cb1ba65876
A1QUQ0TV9KVD4C,9500323928c249d5851b8e56a2362537
A1QUQ0TV9KVD4C,642f60be7fc54530a6b80ad4bd7fb6d9
A1WKF2VH7TV0H2,a1fa02bf79464edb893ec5b1b5fa1908
A3DUPRZSMU9W5R,672cbc4dddf545218344122b24e3fd7a
A1QUQ0TV9KVD4C,e257561129954362be03dc09727ad7a8
ASVRLMDNQBUD9,adb2b2bbd3fb48fa8433ee84a26949a5
A3DUPRZSMU9W5R,8ca7402df5f646c3adb963acabde457f
A3MYPYBVHX7FQ2,be2644ed7bc34c438c36bf80db400c9c
A2EED3HLTA96CP,1c7dcfd367a343449113516e395fed55
A1QUQ0TV9KVD4C,94492b7851ad432da7385f1bb6d18fe8
ASVRLMDNQBUD9,2bb646dbeedc487c9bab6b1d5db5b5fc
A1QUQ0TV9KVD4C,aa259a5e72c5426ebaa0b2ef7be4aed7
A3OLRWACCCCUTU,3d6d562a736a49509c20be372a83d111
A3MYPYBVHX7FQ2,138dd7338a0f480584ca1deddb32f6b7
A1PTH9KTRO06EG,49aef8c68d984985b66227f394ee28c2
ASVRLMDNQBUD9,34f5ead6ffce44cfbdbd9cd0ef47f0c5
APRZ7BR8C0ZMQ,575d39d6fb394e859cb5c29fd5ad876e
A2EED3HLTA96CP,8ead784ec05844608febc56ca283a595
A3MYPYBVHX7FQ2,7e400fae43e543b0a6719cc2974029de
ASVRLMDNQBUD9,f1c5ca52c9754a37b10dce55cf5113e2
A3DUPRZSMU9W5R,6840e511d899433ea125410c709f6ed5
A3MYPYBVHX7FQ2,84d37eaac05e42fd84fda709a661cf51
A2QX3YJXAAHHVV,36a7437e63c64ad99a8e4cc9433a7be1
A2EED3HLTA96CP,8fe89e287cd748548d5dba507c343713
A3DUPRZSMU9W5R,b7bbabfaabda406ba45cd152872abf82
A1PTH9KTRO06EG,b05576e3cea342e6a8a9c460718875b0
ASVRLMDNQBUD9,42ea34cfb3954bfebc704486cb3462e3
A2QX3YJXAAHHVV,7b2436bbf42d4c529fdcc62a83329e83
A3MYPYBVHX7FQ2,68b5778423c44a4fb9a48f9a63890b7b
ASVRLMDNQBUD9,d080eb9e0389497685a76d4e63148fad
A2QX3YJXAAHHVV,609f971913b14a89b36076dc038bf02f
A2ONILC0LZKG6Y,84b6f64b8ee84162927b65fe69374fa0
ASVRLMDNQBUD9,8d9a97731918431e8dd6560adb8cd0fa
A3MYPYBVHX7FQ2,f3f02425b9904e5b8084c47c1c6d2a42
A2QX3YJXAAHHVV,88daaed513824fbd9c77746eec7862d9
A2ONILC0LZKG6Y,c28981a2c8af4ccdb127d3a74ca363ac
A3MYPYBVHX7FQ2,f3bd97b3642443f0869190c50ad0b771
A2FYFCD16Z3PCC,df6068305d29453eb22a51d46085e197
A1PTH9KTRO06EG,b7687cecbf6c4c18a04b5b0b9b031cf4
A3DUPRZSMU9W5R,0c7bfadbd8db49b4b793e2a46e581759
A3DUPRZSMU9W5R,4be21e1efc0b433bb4c32954340f3da6
A2EED3HLTA96CP,4c4d61576ba44e75b7b9b52e4d361e78
A3MYPYBVHX7FQ2,7b3266e380274b95b5a7b775dd937da6
A1PTH9KTRO06EG,a345a395300d44a5862012539e015002
A3OLRWACCCCUTU,cf41b69d79a14f2ea9c8179de2f84479
A2QX3YJXAAHHVV,f878effe792c4076a90bf4b69daf33e7
A3O5RKGH6VB19C,ba1b42a591f4447596e99b6c0a5164b3
A3O5RKGH6VB19C,e1bbde599aba419990efb136ec4ece38
A3O5RKGH6VB19C,1bf54732c8a34ff6bc71dcfe7357629a
A2ONILC0LZKG6Y,87c2c42b2a80400ebcedfacc68b767ef
A2ONILC0LZKG6Y,e416e61f2c7340c39290176e896de226
A2OVOVZBJYUO,949e2852c2a74afa83eb332ccd301159
A2WGW5Y3ZFBDEC,74517c6eb89c46fab708de3e3d7c53db
A2FCQ5K0T1PYHS,9d363533d9734263b3feda158f5cfb69
A2WGW5Y3ZFBDEC,34d7c1032151410583aa9069286104d6
AZLZA0Q87TJZO,9b1d2408672e4e8595c322bc04146995
A2WGW5Y3ZFBDEC,f591e24cf57d412a94e2c0fd523a003c
A2WGW5Y3ZFBDEC,473095c2040f4c049e18e41e3c887784
A2WGW5Y3ZFBDEC,c86ee4fe34954bd7b183d8a5068255da
AFIK3VBMMX6G6,4ae07eece3a740de9b77f65ae67a10ad
A3O5RKGH6VB19C,b5612ede07954874974dfa8a6a921a8b
A3O5RKGH6VB19C,396eb60f16924286997ddd4db4517074
A3O5RKGH6VB19C,8231b08c98d34682b96603ad677c4806
A3O5RKGH6VB19C,ce2b86e8e9264ab8b1b5a14c1fb0dad4
A3O5RKGH6VB19C,bd761f35e22b41bcb90697aa4c0050e0
A3O5RKGH6VB19C,7e7ec06df61a456c8574f64dd26389a5
A3O5RKGH6VB19C,dc2078ed9a2d4ebd84853c014639bd1f
A2ONILC0LZKG6Y,a083b39bf3744dcb9cf43434322dbe1b
A2ONILC0LZKG6Y,6d202d48002c43bcaf2d3bd441a3a757
A2ONILC0LZKG6Y,c099bd036e4845fb9f52fca38141ac93
A2ONILC0LZKG6Y,e192ae618004434e80f6d9ac86b84b05
A3O5RKGH6VB19C,815f2133a4634d7b88b1697b1f8a5d1e
A2WGW5Y3ZFBDEC,f9a09da62e19479d8b2c31d3a494f11b
A1S5KQVM900NE,d55f92da75db4afbbf0cb0bff4cae8c0
A2EED3HLTA96CP,f6aee07eece340eca425fbfe1d439a0c
A2EED3HLTA96CP,57f0dbe735624c44b58c67e78a31caa6
A2EED3HLTA96CP,93743bc8b6f94308881cff7cf90ad421
A2EED3HLTA96CP,46be40f9d65c4a8f8d924ac992f81376
A2WGW5Y3ZFBDEC,215614c386144ae0a054e770c4a533f2
A2WGW5Y3ZFBDEC,50b12e356bc94c72bec03b35dea37fb2
A2YTQDLACTLIBA,7e3839abe7334df698bb48e0d5561ab4
A2YTQDLACTLIBA,f019def862094e0fb2a5016674603d83
A2WGW5Y3ZFBDEC,d2c71212ed1446a79b5d404def4239a9
A2WGW5Y3ZFBDEC,9e0576b5ce9945a5909edad67b3c3be8
A1S5KQVM900NE,b6acb37208be4f3e96965f989fd6f9fb
A2WGW5Y3ZFBDEC,f44e4ed0828e40abab5892a019e11dc0
A2WGW5Y3ZFBDEC,45799f2892fb4aa09cd94625f1ba8ea2
ASVRLMDNQBUD9,2d9bcb435a994711829fe6b05f256fdb
ASVRLMDNQBUD9,fa039fa4741a4a53a7afa9ed1deac769
ASVRLMDNQBUD9,ba931f5050e7409ebba26e00d532cc7c
ASVRLMDNQBUD9,b48593a56908434488ca3c140744c642
ASVRLMDNQBUD9,484eba21615341fab99300bfe20873fb
ASVRLMDNQBUD9,61b701c8a98542bb9c1c9682478fdfe6
ASVRLMDNQBUD9,45c57b13f71640fdb17c555a58f2c66b
ASVRLMDNQBUD9,a8c30083f77c4b94a0d4e72b4ed25114
A2ONILC0LZKG6Y,bb4c49c8ca6d4b818262cf983e1e2a84
A2ONILC0LZKG6Y,fc9761dd283c460c850fe1733c62247a
A2EED3HLTA96CP,59ac3d8b33d64c2c8d91c264fdf4c1da
A394JO4NEPCY3M,0ff12af0651e4b0eaf88e22e82058137
A3OLRWACCCCUTU,5773114053f147a69bd6790843ea4fd8
A3O5RKGH6VB19C,93a0f456389043b787013a489df403ad
A3O5RKGH6VB19C,9747a45190cc48ae8634b5070735c11b
A3O5RKGH6VB19C,e6011509fc00436ab743f12fa6a27714
A3O5RKGH6VB19C,27b13d9fcfad4e4081c56f8bf2817b72
A3O5RKGH6VB19C,e4de659d6e5a44eca6c88b18dc300d70
A3O5RKGH6VB19C,a87286598bc54313b39f6ce6013541bf
A3O5RKGH6VB19C,bb89b8b76a9847f9ba0d7e67fc4fc23e
A3O5RKGH6VB19C,8485dc74018447939e7fd20e351b63c9
A1S5KQVM900NE,91df9236813c406092e3fb6dcf15bc16
A3MYPYBVHX7FQ2,12b63e9bbb204e43a40cb95aa7a44b17
APRZ7BR8C0ZMQ,9dc3070beb854b7db6c55d083cd41611
A2OVOVZBJYUO,ee760edb666e4f46aedee408975a9c9d
A1VZSFHTU51JP0,4181c7d35eff4eceb4aad545dd2a9273
A1S5KQVM900NE,93cd61b41e0f46dd8af1468977c91ef7
A1VZSFHTU51JP0,83fd21afaaf9416180e3174284de4ce1
A3O5RKGH6VB19C,92532185a1a447e09fc3843b26c520db
A3O5RKGH6VB19C,0ce718a22fd341feb59ef4f7aede8827
A3O5RKGH6VB19C,af65522335f442adb473691320ba5f09
A1VZSFHTU51JP0,ddcc9eff5afa41889aa05c3025b604a6
A1VZSFHTU51JP0,3195d0bf415e43d38448950220164982
A1VZSFHTU51JP0,ed0280fb0f114ead8a22516a8309f982
A3O5RKGH6VB19C,734cbb77f63544e5bce5a23f35c9f601
A2EED3HLTA96CP,047e78f3d0a94ea4a3433d4358b53adf
A2EED3HLTA96CP,eecd784a495648f4a5b160beba42dd0b
A2EED3HLTA96CP,8bafd5acfb7343308b5195092c4c4de5
A2EED3HLTA96CP,1d9be0e721ca4537a2cd16c0a0fd7630
A2EED3HLTA96CP,67c022f81e3f415eae224f368cca7c3d
A3OLRWACCCCUTU,d16a6136b82b42eba1e61ff0a4ac3293
A2EED3HLTA96CP,38375f5155704d2d8509843e56ec029d
APRZ7BR8C0ZMQ,d6918db6b5c8463c8bf5943e1b68acb6
A2EED3HLTA96CP,bd632b8b53394b32a6dba18848f787a4
A3MYPYBVHX7FQ2,725f9e4adc1a4532a34c755cdbf0f5f2
A2EED3HLTA96CP,ed645ae457f04bdda9562f4aa0003ce1
A2QX3YJXAAHHVV,fbb2199fa78647cbb4eeb94c4bd04d98
A1VZSFHTU51JP0,d4a257392aa84174be6166c9c664caae
A2QX3YJXAAHHVV,635b514b259d47f2b474189aeea5e5c0
A2OVX9UW5WANQE,8db452c23eba4955b778ef8e1f992d40
A2QX3YJXAAHHVV,4efb9d8419ee42a3b2ec99f01f94e0a6
A2ONILC0LZKG6Y,a96faa69af9e4ad4a252760ed12177aa
A2QX3YJXAAHHVV,7c1e066d0c9c4901921cab117a0b7e73
A1VZSFHTU51JP0,3b6bdac8643a446989473560476d77a5
A3MYPYBVHX7FQ2,5d3c9dbeb3e04c82ac88501a6668d530
A2QX3YJXAAHHVV,6395e22e141c4ee0bf233b95a63a61ea
AFIK3VBMMX6G6,af3a9e8494e54fa0a28ecb7267f02018
A3MYPYBVHX7FQ2,57514b6dd0764421a04c0b7a640c926b
A3MYPYBVHX7FQ2,79757c30997549af8a2d741ed49ff453
A3P9TM5PRYBH90,7f9c5917c21f49ffb83d155fcc268ce9
A3P9TM5PRYBH90,b01c3090a9204cc2a74830b611722d53
A1VZSFHTU51JP0,9c397f7fd7a04f829c055d2f7f5ee160
A2ONILC0LZKG6Y,67e2ebb79ef7428db8828883d135c55f
AFIK3VBMMX6G6,b6936e96569b4b878e78370c516df55b
A1VZSFHTU51JP0,a13794ea66e341029357b1065e0e13b2
A2ONILC0LZKG6Y,8aaeed79e40d463dbc24a84ec0784b64
A2OVOVZBJYUO,200b5a62bded44f6ba8320c117bee58a
A1E235KE3CSO7H,b3a1b8cfb7d94eb3a615600d440a0bc1
A2OVOVZBJYUO,5221640d7c074d4a88f42e3891135350
A3P9TM5PRYBH90,9805d172a4e64a0f9c1fd87e2c2f093a
A2OVOVZBJYUO,301899b1e6be4d77b5995d94546a55ed
A3P9TM5PRYBH90,7481e5512d9f40959eebccd763d6ff87
A3P9TM5PRYBH90,6861c7f0f19645ffb563275d11fad363
A1S5KQVM900NE,b30d52ea5e7346b19568167cfd2e47c0
A3MYPYBVHX7FQ2,cef96a7714dd4388a3d30fa893191ec3
A2OVX9UW5WANQE,e2ccab5b997f4aa19f39ffdb86be4151
A1PTH9KTRO06EG,c3c445a6c1d34b329ec1ef4acfddd30d
A2QX3YJXAAHHVV,e473b59b1628452f9d7ac68bea6d36ff
A2QX3YJXAAHHVV,f4726c879c9d4e43ab6a63a3d732a988
A2OVX9UW5WANQE,2498ee9c53db4a8ea651ea2b95501ef4
A2QX3YJXAAHHVV,233f1efcf0274acba92f46bf2f8766d2
A1PTH9KTRO06EG,8d732ed8f2cc4bb393aab9f68c82e408
A2QX3YJXAAHHVV,1e6ecfa3fa7c4fd7ad7c10470546f654
A2OVX9UW5WANQE,ec682476ef21423390873e912f6006ae
A2ONILC0LZKG6Y,3a7d0ac2d9c044318903ed715b695d35
A2QX3YJXAAHHVV,ccb5736dcef54a36af942d6f7b06ed82
A2QX3YJXAAHHVV,01650a401e614c38a04a904165a5784f
A2OVX9UW5WANQE,173cae0bcc714ba29bfeab4004d7fa85
A1VZSFHTU51JP0,188aef2decc3415eaeba3467fe86116e
A1VZSFHTU51JP0,65936cbe394149c6b24802cad630e2d7
A2QX3YJXAAHHVV,5370cd5a21e94475b4768b176e1014b2
A2ONILC0LZKG6Y,1dce7d7b27c34344b7093ba3dc4e47ef
A2OVX9UW5WANQE,8a74fe9a415d47ae8b92897ef9554e2b
A2QX3YJXAAHHVV,7fbc70830a944d02af8a809cc8a5111b
A2OVX9UW5WANQE,e94df2820e7644688623158f859d77ec
A2QX3YJXAAHHVV,6fb96c88e7b942e6b225baa611dd9738
A3MYPYBVHX7FQ2,a15863f8588b40cd8ba28a171471031f
A2OVX9UW5WANQE,e90a5ce2d98548a997fb8c3ab2213483
A2QX3YJXAAHHVV,1a50c197cf564bf88f386197d1f279d9
A1VZSFHTU51JP0,767134bda38047aab8a6fa3221b6880e
ABL2FXYMI00T6,08fe846a966b49dea381904d0fc6d7a6
A2PLJREKV92BZN,d82fbce7f1c14deb8d72cde551f2c1a8
ABL2FXYMI00T6,b7786334c02b44e8b062463726e43203
A143XRCI1YXAFE,8fe4b8a137ba4a7abe80e5c005f7490f
ABL2FXYMI00T6,498f1c843ea64e9c8e1d90850b4a676b
A6KOTWP7N7RLU,25742b852b764843b15266008afdc15d
A6KOTWP7N7RLU,53d34e075dc2454ebbc4e4e8878b0d15
A2ONILC0LZKG6Y,ead266bd00fd4423be98ad8176af3a17
A2ONILC0LZKG6Y,13e995bed7f54f46a51f8dea2fd99c16
A3OLRWACCCCUTU,b21c00d7e32543f8a6e1b55574044733
A6KOTWP7N7RLU,e4611bd31b794677b02c52d5700b2e38
A2ONILC0LZKG6Y,d9389125a7624e34a2fde4243f88bdd6
A6KOTWP7N7RLU,7e42d4f3a53b4c3d9a55b6d3a7f7c6cb
A6KOTWP7N7RLU,4db95dde4eec4612b04570858ad628bf
A6KOTWP7N7RLU,eabc1c5c071c494ca5b65a3262ed7bbc
A6KOTWP7N7RLU,ea7af12565a149238fc599eba8774c6b
A6KOTWP7N7RLU,c2af9e5faf164318999484aaf8b04de2
A6KOTWP7N7RLU,af58ab552c724ef2bff4dd8108581e1c
A2ONILC0LZKG6Y,6fd6bb19857c4f5d9d615b349fe6087b
A173MXK429XAZQ,bc89dc4ac2a04f3aae685f619bb0fd24
A2ONILC0LZKG6Y,dfbab4c8263444ef9d9e9d25e3e581f4
A1PTH9KTRO06EG,6ccf934ffb284b76b9fa7e57ecabd06b
A2ONILC0LZKG6Y,fb763e77cfa94c7180537892300832e6
AZCGF2D7QIO10,c4e852c4b21b4703a485d93b618361cd
AZCGF2D7QIO10,e139a4f9ea0c4ea3b7b3481eea070f29
A1E235KE3CSO7H,e318e17b6c344ab0978c44c9cfe1ae82
AUAAHI7AUJ419,487b5640ef074f349ca6850f92cc46ce
AZCGF2D7QIO10,41950f3dbe8c4717b71d57f54c6ae0b7
AZCGF2D7QIO10,22a12c79a5914030aea6e0aa6d5edefe
A1PTH9KTRO06EG,ccd58d9e5614445c9ee036243195b7cf
A1PTH9KTRO06EG,9b9d3ecc64fe4b399ad8ed7292a2aca5
A143XRCI1YXAFE,1ec9f48e9a5c40adb8e6062f233df76f
A1VZSFHTU51JP0,d234ccac8f854b599107829ee626158e
A1VZSFHTU51JP0,bc8469a10a154ba8901e1dfc57432882
AM2KK02JXXW48,c68e3e04c564413fab31d6765cba7f77
AM2KK02JXXW48,657931777f324506a86264da2d0d5793
A2ONILC0LZKG6Y,d9905c44ab9a4489a89581f052f34624
A2ONILC0LZKG6Y,ec24291e0d4249d3bfe149ccf6d836bb
A2EED3HLTA96CP,cf17210c31294194a0bf3e3a851a34ea
A2ONILC0LZKG6Y,65002bc1af0b4d27a1b05e85d0090955
A2ONILC0LZKG6Y,3969517100834dbc813b628a27fed790
A2ONILC0LZKG6Y,d92b90266d8444da9623553a6370cbb8
A143XRCI1YXAFE,7d049bd04eb445fd865f447f243998b4
A3MYPYBVHX7FQ2,b43dca37a1704c10990f320c35f2828f
A2QKAA5YS0P4CI,fb0562d64a314d2088af7d18ea7dc210
A2ONILC0LZKG6Y,72b49bf3c2434ea498475566e09690fb
A2ONILC0LZKG6Y,f6dc009e6d5c4c03a667ca201438077a
A2ONILC0LZKG6Y,c039bcb6f714453da0b08e92e1000f8d
A324VBRLXHG5IB,3b6e7a4c9d65411f9342254120abcde7
A1E235KE3CSO7H,ea11db08c0dd4477add459779396a29e
A1E235KE3CSO7H,65db59a7705345ec88f5aafc812951ef
A1198W1SPF1R4,8911f32aab914a1f903bb76300b13949
A3O5RKGH6VB19C,ddb2183ab2224a258be8dd496f662eed
A3O5RKGH6VB19C,3f0f0ddbc9dc46de8ca3622aa4f09119
A3O5RKGH6VB19C,87396211fee244ccbda4b0f4bcefc8e9
A3O5RKGH6VB19C,305e22c5b2754d1d90f76cf5e2157660
A1E235KE3CSO7H,8be576f5a9fc4388bb4a608282382fa3
APRZ7BR8C0ZMQ,ce969e3aa6374189abe638aa61b3ffc9
AZCGF2D7QIO10,8eb73d4db00044b1bb63808e3365e90c
A3O5RKGH6VB19C,ae05e585f42146a283168fdee429ddea
A2W121DQXNQK1,120f688d383d4775a51fc45728e771de
A3OLRWACCCCUTU,7b827c9dbe9547fbae0a89de75863527
A3S67QA0SQVPUJ,56474bc3ca56477aaedb2a3e68f9411d
ANCIB6B6EBBIJ,0c3f03f1c5a44e4bbe66a5c9571797d9
ANCIB6B6EBBIJ,3be804ca8a1d41a4ba5cdeb64b126575
A1VZSFHTU51JP0,95b14d2fcf8b4eb5a0be3354a80e6f32
A3S67QA0SQVPUJ,fbb32c24be3a4c2ca06df09c9b881fc0
A1VZSFHTU51JP0,1b61a094fd35433fa11d5ae1a4655cfd
A1VZSFHTU51JP0,fbd1b7a3b81f4efc88b0605de907aea3
A3S67QA0SQVPUJ,73b5e738538a4faaae2e02478f7c50bc
A2RUHO7I7Y4XFA,f6c2fa4230df43b9b9857e71b9d68a89
A1VZSFHTU51JP0,b5cba1af4218432bac6932bd1d546125
A23KAJRDVCVGOE,3c7c9a37b4eb4c76b275e6cd975f900f
ANCIB6B6EBBIJ,152a3e1fac0e4bb0a90b1bbb7a6d57e5
A1VZSFHTU51JP0,94517582b37d4ce6b9aeb4a0f9b7eed6
A2RUHO7I7Y4XFA,41f6db5de3d8439ebbd996c398127d53
A1VZSFHTU51JP0,e04ccf1a440045bd92bf1ac66489b158
A17AF42SNQNH9C,35f12c5f76a443f2b20e8a6165ab998f
ANCIB6B6EBBIJ,f02fab15925149cf9daa0f299d54f587
A143XRCI1YXAFE,0e6c88a3adb84bfab5d3b77640f929f5
ANCIB6B6EBBIJ,4d44dbfbf4b34c8a9e28065b836b5893
A143XRCI1YXAFE,b65e8358d12a498fa442f3d1072c4bb2
ANCIB6B6EBBIJ,8f5facc84faa440aaab8b05968fbdf4a
ANCIB6B6EBBIJ,7834dec912b34643afb92b7c3648a3fe
A6KOTWP7N7RLU,4542a8d2310247d1917ff1c79ac6171f
A143XRCI1YXAFE,6363bd9d985e41f79f3bfb8e04fa3b5e
A1VZSFHTU51JP0,8a66ba50d4e241f2aebb17e5af82c68a
AZCGF2D7QIO10,d7a1c8b4a98e4abc8a7236c858fa7ee6
A1VZSFHTU51JP0,d834599ff4cd479489143ebe24a94bba
A3O5RKGH6VB19C,773aa615d24d4471911f2e43e9081f71
A3O5RKGH6VB19C,e3d026e8ecb1421ca9ef198526fd4633
A2W121DQXNQK1,e096014a9fca4d608a0f1c611e57fe2f
AKLV0WIZZ356X,ec3d1c0f86a04f8eaea5df982cf79284
A1VZSFHTU51JP0,8558c2d306614fcfb3ae117e60204277
A2W121DQXNQK1,ad936817fa674c3fb2db5f6d55fc49f1
A1VZSFHTU51JP0,9b36532a7e70491992e013afd597fe57
A1E235KE3CSO7H,95a0ce79d7ed4a77a0981c522b3deda7
A1TW2BZRRS874Z,543ec3b66b0c47269e9737a650da21b5
A1TW2BZRRS874Z,22fbbbae605c469f9ee3551b6030e421
A1TW2BZRRS874Z,6eddf840a84f4e48936eb1928eda184a
A1TW2BZRRS874Z,e2a81dbfc6e7456ea4bbf9f8fd279f86
A1TW2BZRRS874Z,4eeea91c57b0425b9faf9bc4b74ec2be
A1TW2BZRRS874Z,0886ac6a67c34849a08ccb15134f3407
A23KAJRDVCVGOE,cfb8bffe98a044868cec22afd04c1bba
A1TW2BZRRS874Z,a2b882ca8a14420a8749dfedfecdfa36
A1TW2BZRRS874Z,0b75e34df86b4f729dbf23843db91112
A1TW2BZRRS874Z,4dc8e53b86384a43a33145a0c3933559
A14OQ52EFQAN2W,ed151ac677724c7fbd32f85db77710a2
A3OLRWACCCCUTU,9350869f0d24492c920c83e0a9507648
A1TW2BZRRS874Z,9e13fc668168442584d1d57f70f2ac56
A23EWFNNOUS10B,adce2198a2b74693a04f7824889a348c
ANCIB6B6EBBIJ,90e9b5945ef5420ea02c7e982df952c2
A143XRCI1YXAFE,4b1397f42c2b436c994db077de5d54c4
A1TW2BZRRS874Z,208569acde5b49dda0ec25ce4c410975
A23EWFNNOUS10B,9ed6505663e3421ea07365fe634cbe82
ANCIB6B6EBBIJ,1450f586cc5543b69ba4c22ebd2c7fa0
A1TW2BZRRS874Z,f71e0e018a534c7f821ba507de61fb7d
A23EWFNNOUS10B,749e032914384e4da8f2392a19066b89
A23EWFNNOUS10B,7000c2b9328448a5b47432e3576c6b46
ANCIB6B6EBBIJ,b7ba03e9a46a46b79e31ff492b20c30e
A23KAJRDVCVGOE,7008135435cb483881d0332f730b12fa
A1TW2BZRRS874Z,f1d6f13474954193babf52cc2eab9353
A23KAJRDVCVGOE,64ded59bfd264094a10a88c47e4ecc1c
ANCIB6B6EBBIJ,dca80ac7cfd148638a9c0f4b027f720a
A23KAJRDVCVGOE,5c524b4889834145ad435d84415f457c
A1TW2BZRRS874Z,dc47866606824cc9bc59e54890c2ab22
A8C3WNWRBWUXO,1ee47cccb17b462e9947db961eb49b32
AZZA3J049G7R5,a5dee567f6554c59bb8fafd85f547c22
ANCIB6B6EBBIJ,099ea17dc4c24eba8603270c97edd468
A1TW2BZRRS874Z,0837a09ef77a4f20b3a341a47276288b
ABL2FXYMI00T6,feb421930b1a46f2a4829239384c1bd9
A2W121DQXNQK1,a0cc548fb40a4e22b1963674fb4b1f83
AZZA3J049G7R5,8e3031ed15ff4c748daf78f4daff41f9
A23EWFNNOUS10B,d21b4782a01941baa71e9727e6c7f8ea
A23EWFNNOUS10B,029d014b392a4c41b711153a08cea400
A143XRCI1YXAFE,955a3f8444e149f8a66045bb23420a4c
AZZA3J049G7R5,2ced6b82b2c349d2a09e64c35328ecef
ANCIB6B6EBBIJ,745644f53bdc47409855cc751518e25b
AZZA3J049G7R5,5265ab6df085473795385139bc7f821a
ANCIB6B6EBBIJ,cecb749518a84dce992bdcb9c97ec242
AUAAHI7AUJ419,b93b7bff90944fa19b65fc0b12b55cd8
A2W121DQXNQK1,a609db6270b14e40a3de824554977750
A1VZSFHTU51JP0,40d132e1bc0146c0920d7b38c5b9f7c7
A3S67QA0SQVPUJ,1e93ad6e64e4478886b3fc31bef6a960
AZZA3J049G7R5,92108d50d38647278d97f96a4364e9b1
A1VZSFHTU51JP0,007769c9000e457eae8485221041802d
A3S67QA0SQVPUJ,e8cdd0418ddb4263ae2799ded6316693
AZZA3J049G7R5,308df34d38ce447a957e540a6cde21c7
AZZA3J049G7R5,b0713959bffc46e893715684d793a109
ANCIB6B6EBBIJ,a1e9b672e5814598a1ec37a8210b8c12
A3S67QA0SQVPUJ,b7ad3c9340a24e57b3c342bc9ffb73ee
ANCIB6B6EBBIJ,605b87492b46451d8a0ece93161368fc
ANCIB6B6EBBIJ,057fad39f01646e5901eb1fb4dd33aca
A118BQHK3S4UDV,126ae6528ba141a58f932a3ed097b47e
AFIK3VBMMX6G6,90a244e4c76240ab942d8f56b971b6f2
A8C3WNWRBWUXO,f64a674b006c4fa6adaf1bba48049f6c
ANCIB6B6EBBIJ,fd2ec09a682148418ea610817afcc79a
ANCIB6B6EBBIJ,229fee620c9e41f3bf737ffa9217b3d3
A1198W1SPF1R4,5d9be2dad6584ff4b2ab1c6f701f64cb
A1198W1SPF1R4,a068c6552ba143c8ba4f378e49c3b640
A2W121DQXNQK1,07cea97c61b4495389f8e0c0faa076bd
A2W121DQXNQK1,9d55ac3f8bce45c5a4325b2befeba8f4
AZCGF2D7QIO10,6e886e695d98418e9eaca62a07bcef02
A1TW2BZRRS874Z,8d4bdb014d5f4a919735ff5a928176b5
A1TW2BZRRS874Z,bfbd85082e2c48bc86180b2b54f5845c
A1TW2BZRRS874Z,bad20cdce8404ef3b6992ae8758105d2
A1TW2BZRRS874Z,4aadf906bfc84b4f980b65c44fe483e8
A1TW2BZRRS874Z,3db55809c34d4059adb6d6315da68cf1
A1TW2BZRRS874Z,cbbfa156a608439c999233f7b05b9821
A1TW2BZRRS874Z,36eead66360847afba6dc9ebf6d99593
A1VZSFHTU51JP0,75892ecb92b4437882d1565f6169d5a5
A23KAJRDVCVGOE,67edbcbb485547d18993a50ef6dc5c92
A23KAJRDVCVGOE,9ec1e386d2494b958378ef3035ca0fec
A3S67QA0SQVPUJ,bbad29dc74f346269cc42a7563e4c865
A3S67QA0SQVPUJ,75502f7ab83b42189c79a1972db22bb0
A23KAJRDVCVGOE,eb052c37796c4ae3b8b5c77c800684c6
A3S67QA0SQVPUJ,8cce12dd32d841368470d67ab55f4efb
A1TW2BZRRS874Z,29056a31430b414582f488535aa0fe91
A1TW2BZRRS874Z,cb3f032b7da641ef8ae12507ded9ee10
AZZA3J049G7R5,d1edc05d6a4a411db965bb9a8adc3339
AZZA3J049G7R5,961d4965c2c94d7b98223b2f3c9eb30a
A2W121DQXNQK1,81b30967f40349e5b0e333f1e4851ce4
AZZA3J049G7R5,56af97b16b6d444c8f8d55c740550837
AZZA3J049G7R5,23b4bbf06990474a9607178c5e4c95a9
AZZA3J049G7R5,13fc032dba354e1f9a0179becfaa4af4
AZZA3J049G7R5,278af098f2784b7ba22335f356ab854e
AZZA3J049G7R5,185c4ee8dbc948fca5a86b7273676420
A2W121DQXNQK1,403db9d987584a8cbf7fa0b6acf0d918
A3MYPYBVHX7FQ2,2cd0471292f14be5bf1ccb9b313e1903
A3P9TM5PRYBH90,935513674eb5493c99261d5e137fc1bd
A2OVOVZBJYUO,c6f6096483ef447ebcdccc2fa16ce0b7
A3P9TM5PRYBH90,5426f8469fda44fb85b815bc1a1ed884
A2W121DQXNQK1,495448baeef94ef2bff5fdba66f09b92
A3P9TM5PRYBH90,15225b481e3e4c4dab5c641b940b59b1
A2W121DQXNQK1,4d06b9aa68764d749ef6fffb4fcb54f4
A3P9TM5PRYBH90,17e61e6248cb4b1fae8ea73dc6bd70f7
A2OVOVZBJYUO,047a25c3382c42999ceb1c78f6ebd524
A345TDMHP3DQ3G,d046453071004f1991ca1bb9bec23ca2
A345TDMHP3DQ3G,8b458eefa9304e608322239981e4ccd1
A2W121DQXNQK1,02a0a1349a8045bd969dfc3948ec4796
A345TDMHP3DQ3G,3d19d3770396446bb568be0852f3bcd4
A345TDMHP3DQ3G,105bf88bb4bc42688e06a54644e2989b
ANCIB6B6EBBIJ,a1818a53e4114dd3a3f002dc7f2c2f58
A2OVX9UW5WANQE,377cda39f77d4be6bc47879d076b79d0
A3S67QA0SQVPUJ,cb7d2cf75ece48b78a11b138e7f22600
ANCIB6B6EBBIJ,6d9638620ea946b2bdcc898c41c24ac7
A324VBRLXHG5IB,d4d4847e461c42888c2357e8d8f268b3
A324VBRLXHG5IB,b95bdefc91d94744b375b7bcabc19d5f
A3S67QA0SQVPUJ,057b11be0cbb400ea2cfda2cf75292b2
A324VBRLXHG5IB,eb15a76230f74cf781b0ace876dec6de
ANCIB6B6EBBIJ,780dc8712eb44ac2a05c14452f14973d
A2W121DQXNQK1,c5166a329a9c45f990a5d3c692d7faa0
ANCIB6B6EBBIJ,32a94859448a444fb63afd21ee7168eb
A345TDMHP3DQ3G,51811494ceb647a8aa633d4c7c3e089f
ANCIB6B6EBBIJ,1187a14aa85d4c568e31d968b2aeadbd
A2W121DQXNQK1,b322b1fa853a485b9d03d790d51af585
A324VBRLXHG5IB,9c1de5d748a0486b8276ccce9f1c9f45
A345TDMHP3DQ3G,030168a0260f4701bb8c82e185b2c6c4
A324VBRLXHG5IB,43fef1ea6c6342f490c991f230acdf1b
A1VZSFHTU51JP0,ab5f8507e06746248ff59dd64d84e414
A1198W1SPF1R4,b22279ff63804fa6bec5c108879812dd
A324VBRLXHG5IB,a155fa8cfd624d278fb8f37cc32b0565
A1VZSFHTU51JP0,93a4d9c0d25f4865a4f9dbb9f5b7c458
A324VBRLXHG5IB,272a45b11c944afcbf51b390caa3a6b0
A324VBRLXHG5IB,86a1a40bed5445c7bce7ac003f07d04c
A8C3WNWRBWUXO,18de1e1d4baf4aabaf525a1f5bae3432
A1198W1SPF1R4,b3528173b35442d09e2aadaf4d06defe
A1198W1SPF1R4,d8a8e6352996418a9319bbdc990bc23c
A17AF42SNQNH9C,1f9525eb67504ccd8167402a950cdf1a
A1198W1SPF1R4,893f5fa336ac4092b1d4efe6c91ef24f
A1VZSFHTU51JP0,98ec7dfa3aa04e69b9eaf765d6134943
A1198W1SPF1R4,a373cb5e0c8f46e5bcbdcbd8ddac8227
A1VZSFHTU51JP0,a9936b88956143bead73fd420fdc8b5c
A1198W1SPF1R4,7ef377e00d564aa2a5d925668c2b2f97
A2OVOVZBJYUO,1745a412b5cb4638b35b9f6f63eb3e0b
A1VZSFHTU51JP0,f151863fbea2417c9bbec7082abaefd6
A1VZSFHTU51JP0,6e8295cfe7b7425198f0d305a29e3fc3
A345TDMHP3DQ3G,f13ca6a2519e4ddcaf454f11968ed676
A345TDMHP3DQ3G,153d73ea68dc4323af5341ce6c51ea73
A345TDMHP3DQ3G,7c37d7def4524ab8ad459cc07c881955
A1TW2BZRRS874Z,9dc52675bffe43dd8a9359dab52e711b
A1TW2BZRRS874Z,3f6f1edc20064adba80cb4c98454da3b
A1TW2BZRRS874Z,b123d6c29c8140b1a464b0402923dbad
A23KAJRDVCVGOE,11e8186be4314e93852c7677b430fba3
A23KAJRDVCVGOE,8f24321860794995b97b7e5b87f2e7b4
A23KAJRDVCVGOE,aea2e89578b3408983027d4f02ac76e6
A1TW2BZRRS874Z,35f5f0465417437f923efcd624af7502
A8C3WNWRBWUXO,1dbf9b439ab34c5e93c85bea3d285880
A2OVX9UW5WANQE,aa563d648ec34088a3e6d3924b53cffe
A2OVX9UW5WANQE,19feecc6b31445ca884ab5a9363975e8
A2OVX9UW5WANQE,26091bf5237b4586b9417be5d4ce7484
A2W121DQXNQK1,dda6cf6e80e74a32b62d03db6c25859c
A8C3WNWRBWUXO,1a05d6f6ae524b638b5e3ea491d3fc4d
A2OVX9UW5WANQE,9750cd5d84274f9b8135be2e8fa8cc6d
A3S67QA0SQVPUJ,5c1905e6a05c4203b624c4db10ede78a
A2W121DQXNQK1,401511d48acd418f8e4d199782611ccc
A2W121DQXNQK1,3461ee41df7f4f5fa584f5ae04b3ba6f
A2W121DQXNQK1,29001da80acb414d8683c660e2e091f2
A2W121DQXNQK1,37937cc84a7f43338e5c5b430d566b1f
ANCIB6B6EBBIJ,112e8b0e22094577ae3e513d70f78432
ANCIB6B6EBBIJ,5983f704429c4b41a0b0f6fea354fad0
A324VBRLXHG5IB,96417121cd29430b95ce9fc6ebab7fbe
APRZ7BR8C0ZMQ,93468eec16324f109abec7010cd13ebd
AM2KK02JXXW48,0ae783e63f2f485a87f61b8159276c57
AM2KK02JXXW48,c55eedaec6ea4aecb9d9cf1fb616a89d
A3VEF4M5FIN7KH,4bdb5a30d17d40d7b160d942552c190b
A1S5KQVM900NE,f3fd58f51d4a406ba6151b630e18dbac
A1TW2BZRRS874Z,240b61c1abc24288a19f6faa9909e719
A1TW2BZRRS874Z,8fc21685ae6a4c6da4c7fecca918d093
A1TW2BZRRS874Z,05a000131fc642f7bb20b62bb20a326e
A1TW2BZRRS874Z,128bf2d6121a4542ba5779b2811d8c15
A1TW2BZRRS874Z,8d145264baaf4220b2848a60447cfd05
A1TW2BZRRS874Z,cca8806768104c18b972db618f17a37f
A23KAJRDVCVGOE,946720ae11b5468e858df027906f1063
A1TW2BZRRS874Z,e3152d380e13471a91d31ab07f01255c
A2OVX9UW5WANQE,05b655163b1e4e38b76c2785a0aea5bb
A1TW2BZRRS874Z,9a29f841869a4fd98cf358da50f4a340
A2OVX9UW5WANQE,50e2383a31544349adae9a66d596cdf6
A1TW2BZRRS874Z,5ff4b3f9999047f6858c878df9638bc3
A2OVX9UW5WANQE,2f923aba101d46dc9bfca5a6664342d7
AZZA3J049G7R5,41ffccaa38ce49639429028d4cc1f1e8
A1TW2BZRRS874Z,b153dcf4dae74acb8ebc70ff937ecccf
AZZA3J049G7R5,5e72eec1e0f54fe5a74cf7e82ec67017
A2OVX9UW5WANQE,820a0ffa457343b2a3d1e69a48d604e8
A8C3WNWRBWUXO,8f7e2949da2c45e597b39ee6e3f85d84
A23EWFNNOUS10B,a754ad9eecca4d13954cf36eeda823b5
A1TW2BZRRS874Z,ace79657baa04aaca50a076720ee1fe8
A23EWFNNOUS10B,86bb1cfe839c46058dfc0e4b96f13392
AZZA3J049G7R5,4619d21ac3ee4b6f961fb782ae6c7937
A23EWFNNOUS10B,1d5a5cee5438407b866cc643f79b02f6
A8C3WNWRBWUXO,62dbcb617b014907a21929678a2f985d
AZZA3J049G7R5,b73b741aa53f4dd1af35e1540ebf4af1
ANCIB6B6EBBIJ,85bb144c94404f85ad2931edf1bcb8ae
AZZA3J049G7R5,7e48dc0c20c340f9b0cfe73fd8d198b6
AZZA3J049G7R5,b7a163f09d8641c2b708236592f11767
A3MYPYBVHX7FQ2,a835d25a742840db987cf1fc4f877a98
ANCIB6B6EBBIJ,c8fdf07a6af74a27b488098538e3076e
AZZA3J049G7R5,3c2459fc295b4836b027ff004c6b88c1
A3P9TM5PRYBH90,1055a72721454912a8a38ea009d84a09
A345TDMHP3DQ3G,61cf26b400aa46379d6fbdcbd21231e9
A2W121DQXNQK1,c326ab6f04ca475a93d6322122ee6eb0
ANCIB6B6EBBIJ,66b3ac872822426e81bab531fb15d8a0
ANCIB6B6EBBIJ,3fdafca346c94f52ac5b9588a48e0a56
A3S67QA0SQVPUJ,374e55af5f8642bdb6134332a8c6bc20
ANCIB6B6EBBIJ,3f863581f1214664915dc34aacbe4be6
ANCIB6B6EBBIJ,fbc03301aebb4715b6b8b6d1891c6c2f
ANCIB6B6EBBIJ,f5b4cac9a2ab4796b736928609ed7a02
ANCIB6B6EBBIJ,3d7f50f368ad4acdb051a9a31c886c9e
ANCIB6B6EBBIJ,fbd087c5c3ab48f1b6540c80976e3285
A3DS5B06ZCD3E3,1a94f1f656ad46d4b58923212e41cdeb
A3DS5B06ZCD3E3,8e6cbcb7ebb3489ebf2678edddfd9e6f
A3DS5B06ZCD3E3,83abfb13942f491b9de32bfcc1c3dc47
A3DS5B06ZCD3E3,79b6b33580664bc1b5c608eb32156bab
A324VBRLXHG5IB,82eec1c4618e494c88253f4e5167fc26
A1E235KE3CSO7H,1ec7d03923814ad590d270c260b37fad
A118BQHK3S4UDV,41f6cb6f7e134246943e077e0d937970
A345TDMHP3DQ3G,11fd7876e82548859df75d8a5e80f24c
A118BQHK3S4UDV,111ee57118054cc6b8fa4ef98c1a3408
A17Q4QN6UE0EZC,6f0c5bb458394a8d82d5d00886ffa92d
AZCGF2D7QIO10,b36defcb6838467db4486349793492fc
ASVRLMDNQBUD9,826e515ad8af4f68a59534c15844da37
ASVRLMDNQBUD9,3a2ebf0908de4181a06d27b93f0ac07c
ASVRLMDNQBUD9,947065accb8b402c98fb2aa62a497842
ASVRLMDNQBUD9,0cdd8e982e894f6aa234227042e12ec3
ASVRLMDNQBUD9,bd4dc28d6e1b469bb4b96239b8fcfef9
A3S67QA0SQVPUJ,0f2696c6c8b84e138f7eee63d731acfc
ASVRLMDNQBUD9,0fbf50af937946a1be1ab6e605f91167
A3S67QA0SQVPUJ,826d810475364edcb986259d5f3cfac2
AZZA3J049G7R5,1a0d49b00ae844df971176e9aab9b18a
A2W121DQXNQK1,53a1f867867b431e9336245503e7eec4
ASVRLMDNQBUD9,174bb16d13624281abe2a1bc7e2a7050
ASVRLMDNQBUD9,cf3c59ec3ff64c539da0ee9633dc44cf
A8C3WNWRBWUXO,d85ddd25fd5641a78bc996b77c55e82a
A2ONILC0LZKG6Y,fe73becf5e134d409a307434472d083b
A2W121DQXNQK1,5819265ac490471ab03a42fd906beaed
A3S67QA0SQVPUJ,6d6a8d63190243f685256031a59166dd
A3S67QA0SQVPUJ,7505aec150f0434b8d1a0d15606c03d4
A2W121DQXNQK1,4280a49fb01244bf9b7a74e84d79fae9
A3S67QA0SQVPUJ,f0b4803428a846c6b22e2d420e980a33
A345TDMHP3DQ3G,bf03f184f45441258d7e0658a1742332
A345TDMHP3DQ3G,7444af48e58441e5ab11c7e295095206
A345TDMHP3DQ3G,b153deb333a648e8bed354ccb72d9085
A2W121DQXNQK1,ac6634d8cd064dcb84b08c0eed768c3c
A345TDMHP3DQ3G,04382674f44c40b592c703ae0f63c2ed
A1198W1SPF1R4,c9c5b78df4384aac9a2e8ebd121cca65
A345TDMHP3DQ3G,c9e301f54a8a4723b14567a99c90d2b7
A345TDMHP3DQ3G,e40238fb39514ae8a0719094d7337200
A345TDMHP3DQ3G,b8a0c252c1c749a78de33d1450193961
A2W121DQXNQK1,b2340ae8050543cbb74906ff4a96e850
A2W121DQXNQK1,23b998c76c784ff29f0ddedd78128722
A1BWS5AD2T4NIR,648a0da49d2249119a955090691fb52e
A345TDMHP3DQ3G,994c929ac0db414cbb96423bb245eb7c
A345TDMHP3DQ3G,f21eaa890253496d9d6ec4d01d9aefc1
A345TDMHP3DQ3G,ab54a76d5f3643ca95b0a24783f26921
A345TDMHP3DQ3G,77cae115ed8349dbad550de12e5858c1
A345TDMHP3DQ3G,09c68920f9e5434bb35a22e1909f324a
A1198W1SPF1R4,1ff18e51f2a1466f97bb3dbfbaf98ba6
A345TDMHP3DQ3G,86b1e2101c3141988dd27079e6963eb7
A345TDMHP3DQ3G,73e1236fcc4f48d3ba4d264eb6ffe06e
A345TDMHP3DQ3G,c7d83184f9f34ae9a9d55b0ee9176856
ASVRLMDNQBUD9,f8e0496b35c64e35b500e2034493eb8e
APRZ7BR8C0ZMQ,91e110c2a3884b2dbbeaddacfdd21607
ANCIB6B6EBBIJ,6a8ad2fab02342468fff4be1b15dc1d1
ANCIB6B6EBBIJ,9c8cd9880da74366ba28673147d87d34
A3S67QA0SQVPUJ,17aac7590a114243a031617242747722
ANCIB6B6EBBIJ,2848a799f11d4a41b15f5c91dd89eff2
A3S67QA0SQVPUJ,c6f8250e587f4288a48a616b2f1c1c6d
A2W121DQXNQK1,4c08908581b54f46b00f0fdcef5fd3e4
ANCIB6B6EBBIJ,b8ccae873da141edbbe0dd86d2eee55c
A345TDMHP3DQ3G,6a9dd4e609624942951409d15edb0ff3
ANCIB6B6EBBIJ,d1aad60e3f7f4dd68721bfd157247a99
A345TDMHP3DQ3G,87b45d27c2424504a98f49a29509480f
A345TDMHP3DQ3G,9989ea7d26a94464a9d94f68bc7832e9
AZZA3J049G7R5,0554d7947d9444bc96f9a9512f4ae989
A2W121DQXNQK1,cb5036e1f4494870bf96a478065d3269
A345TDMHP3DQ3G,128bac319cb14dadaaf5c30c3a8ac5cb
AZZA3J049G7R5,2b373ca5921e4e2c8114e20114f04de8
A3S67QA0SQVPUJ,3a4269f1287c41b39e11e940c82b5867
A3DS5B06ZCD3E3,b42e5d2a56024abda27ec8f8f7424916
A3DS5B06ZCD3E3,ecb544fef0ec41789b0ca6ce942d2344
A345TDMHP3DQ3G,f1e80762c105424fa21955d4520b182b
A345TDMHP3DQ3G,e758f054db034e8cbf2e2b96cf42dd05
A345TDMHP3DQ3G,cf7ab63dcc7e4075a1b9deee1d04af60
A345TDMHP3DQ3G,86a1c83126c749beb1159014d164c679
A345TDMHP3DQ3G,fefad5c6b2ca4bd6a6728c1ea12a6232
A345TDMHP3DQ3G,7e70d9a7956646909536fb1464168fc8
A1198W1SPF1R4,bc176a916d344af496f7bdbf408db4e9
A345TDMHP3DQ3G,ad3a61d515cf456cbaa424c7b4ac0f13
APRZ7BR8C0ZMQ,607fb1c6e4ad4d81b2bf1ae1a73cf50e
A2W121DQXNQK1,9154097557f84fe1862d1205b098b4ad
AZZA3J049G7R5,4b391e02b91d4486974b5027c5433631
AZZA3J049G7R5,3f069ddebc85414f8c650c1f9e78a498
A2W121DQXNQK1,b47d3c5973494f02af1668b926a7210e
AZZA3J049G7R5,818ee877dd3340e1814bce6e34477cef
A2W121DQXNQK1,8f4fb63ec8e94e269f5a41f93e948bc5
A2W121DQXNQK1,f23823c7cb324ac580f3d051241c7fef
A345TDMHP3DQ3G,db169bdfdf294eaab67ca9aeb7a7f948
A345TDMHP3DQ3G,fa8be9d3e10c4a198762ec08b478a23a
A3S67QA0SQVPUJ,2ce71b3ded9340529f08b8ce0bc0a2d1
A2ONILC0LZKG6Y,9161cb7544bf4fca8c796ee3c5b6b150
A345TDMHP3DQ3G,f40b77ed78bc4297bd63c56ef412863a
A1VZSFHTU51JP0,b1eb87ade8f7495fb7167d0270816ef7
A345TDMHP3DQ3G,8499365ffee244d39a7d7faf479fea13
A345TDMHP3DQ3G,6cd01768d763429a9c65131ad293b2fe
A345TDMHP3DQ3G,58b22fb410164805b905af9868fc0c18
A345TDMHP3DQ3G,25ad6925dd65422989e3659250ac9bfd
A345TDMHP3DQ3G,02ef07c642254b088b72486ce41e010c
A345TDMHP3DQ3G,8462cd8c839f4ebbb940326f3af1922c
A345TDMHP3DQ3G,f326178e52c34b5b97911cbe8f9c58ba
A1198W1SPF1R4,2a078f5a483346d283b90b5df863f87d
A345TDMHP3DQ3G,409ea6cd2f8347dbb41344d1243c7e17
A345TDMHP3DQ3G,7a068257c0b94c05b56e5a11387aae6e
A345TDMHP3DQ3G,29e036276257406ea2b37fd5e71a56dc
A345TDMHP3DQ3G,927ad269b1a94de58c22285e806979e9
A345TDMHP3DQ3G,4ecefd1639824470af6fe22186eaf282
A3OLRWACCCCUTU,a4e360c64c944328afc066c7a321575f
A2W121DQXNQK1,e34e7611bef74a0aafda89752af534f3
A2W121DQXNQK1,a7b9f3e4d2c547c3a739567a81c0de08
AZZA3J049G7R5,80e39947253d4491a8b294de724100f0
A3DS5B06ZCD3E3,8024bf1914664591abe824dd583d2d2a
AZZA3J049G7R5,2194c0e020934c74b8ab6c28d758feb2
A2ONILC0LZKG6Y,3d97d6e505e24a4a9f6b90623a8dd53b
A3OLRWACCCCUTU,c793fab594334531a25d19557c0f5ee0
AZZA3J049G7R5,78d615e3799e47078bf75a1799f4620a
A345TDMHP3DQ3G,d6f54aebfd3d40be9044635f5cbec15c
A2W121DQXNQK1,fe4fd11d3f6e4386bf7ec81819c5ff10
AZZA3J049G7R5,4fc8392481a44f3aa59da642529b0a07
A2W121DQXNQK1,96877ba434a04724a95095ad37efaf45
A1198W1SPF1R4,dcb6bb7ac50740b49deae5bf9a0dc942
A3OLRWACCCCUTU,a88bea9bbf624105afc21cf6e6e052c8
A3OLRWACCCCUTU,696d64891a2947f6af20032eef450ff7
A3OLRWACCCCUTU,ef145d5c1ad94981bbea37ec48c4eb2e
A2W121DQXNQK1,945bb360fb554dce9c0d6510f8a60812
A2W121DQXNQK1,31794aa2de5e40baba2dfa6f59e03d15
A2W121DQXNQK1,b5a9cacc2fc24fc583d5442b3c607278
A2W121DQXNQK1,b25c76c9dd3a406192b6e3b7b4638a2a
A3OLRWACCCCUTU,3ad000b9400447d9bd7f7dc101975973
A3MYPYBVHX7FQ2,6938b4a468aa482ba459d2fbe140cb30
A2OVX9UW5WANQE,f3e888eebc91402e9a4b5266ea5c6389
A2OVX9UW5WANQE,f11975fed1994467a041c56aab447dcb
A2OVOVZBJYUO,f8bc132e150846b18cfe36d6b9ad5ca5
A2OVOVZBJYUO,ceaefdd012e2487990dd4fc021233919
A2OVOVZBJYUO,5d34143f64fc4820b7d4a53c85deac45
A2W121DQXNQK1,a935819289a042269dc6f7e419b0608e
A2OVX9UW5WANQE,35399d7a3a994ff2a0425b156a33b2d7
A2OVX9UW5WANQE,00d39011efcb4533ab12076801f74f42
A2OVX9UW5WANQE,ecdf98683b6641e3b99127df3ee66854
A2W121DQXNQK1,dad69fc8dcfb4971abbe3d4013bfc6ce
A2W121DQXNQK1,6a0e4a84b6624948b9373a84488399cd
A1QUQ0TV9KVD4C,2f7b16fcf52c46649d87e2d35897fcd0
A3O5RKGH6VB19C,1b15da4de55047cf85b1ca1adbb860a6
A3O5RKGH6VB19C,586931064c24482796b7e0aade9a711b
APRZ7BR8C0ZMQ,e76e0164df714bae95772dba5e3d7a5f
A3O5RKGH6VB19C,a23600c207bd470c929852b33b9a2946
A3O5RKGH6VB19C,7b2aaf58f55a434f91bb71515a329f13
A3MYPYBVHX7FQ2,f170aa855728465589f57f1c3154f55a
A2EED3HLTA96CP,9f2ba74210184ca1843adc31044612bb
A2EED3HLTA96CP,1d62258005fb48a481225aed62066b36
A2OVOVZBJYUO,506752c9b184496994a69279e5d63610
A1PBRKFHSF1OF8,738bf296e71f42de8155defdaaca17ce
A17Q4QN6UE0EZC,5294630b417446fdb469da4f7ca41488
A3O5RKGH6VB19C,8b3585b594e24e0dbfd53eae933d2f4a
A3O5RKGH6VB19C,269f101ba0da4aa3a5ce0bf3a65bade1
A2EED3HLTA96CP,6efda955ff5643aab9d94b60c4b1cdee
A2EED3HLTA96CP,8fa18f2fac174742b19861bb9f802345
ASVRLMDNQBUD9,01e3a2f5c2a442fe9225e0c9ef56a5f5
A2EED3HLTA96CP,13746247c1024f0493dca4d1d2173719
A2EED3HLTA96CP,c7dc5563ed07478f9284190b6085f4d3
A3MYPYBVHX7FQ2,bd6ab310459647bcb8f5bda6578b0d72
A3DUPRZSMU9W5R,25ffdce6009a47f08c72347a283d256e
A2EED3HLTA96CP,108dc8943a93452cb3d9321ceab2e989
A3DUPRZSMU9W5R,9d08c8ebec4c4e4fbd01d2a918b8f5f6
A1PTH9KTRO06EG,917d343c54e145969496c1aabe8c321c
A2EED3HLTA96CP,780c48b1977548dfa5e66adf6b2f9d51
A1QUQ0TV9KVD4C,ce62f7cdb323419ebd92d4dc8b61cdb1
A1QUQ0TV9KVD4C,b4fdc128ddcb442b82eb4c0bc2607479
A1PTH9KTRO06EG,04ebdfae0edc4adcb7e59ff060b45e72
A1QUQ0TV9KVD4C,017c174e78ca46248ae1f6b43d5500d8
A1QUQ0TV9KVD4C,12c7f30c5ba146e2a880fac46bc1e27c
A1QUQ0TV9KVD4C,b2cf63a646e54d94b4fcb6d060b6c452
A1QUQ0TV9KVD4C,21c3924c87fe4c8397bd84b3dce54dc5
A1QUQ0TV9KVD4C,b30238629d9040b192604dfd1f7d3eaa
ASVRLMDNQBUD9,9e408240b6c34495b3d20597eaa1dd80
A1QUQ0TV9KVD4C,8d5bc658213f46b881b2a862bfd5a105
A1PTH9KTRO06EG,c362a09a04644abcab777be73f508034
A1QUQ0TV9KVD4C,c6c9790c4a044b94b6412a7abd98c8c5
A1QUQ0TV9KVD4C,8637ce05b848420f920d5ca02f88a89a
A1QUQ0TV9KVD4C,cba52478a6aa49519c88dd9db1e5473f
A1QUQ0TV9KVD4C,9c4942cdf0d94b6d9ce49896e0093da6
A1QUQ0TV9KVD4C,bd374899c3cb4c83bf9b206791fbd70f
ASVRLMDNQBUD9,e1aca0ed8d134ee09510f62c2646be1c
A1QUQ0TV9KVD4C,40321204ac204fc3b3aa443db377eeaf
A1QUQ0TV9KVD4C,a95d1ccaabd943ecbbc2eaadc7b30802
A3MYPYBVHX7FQ2,5fb284a8453d4fbdb665675cbe8b4486
A1WKF2VH7TV0H2,8db57b4ba7e048a9bf984a13233f3cf9
ASVRLMDNQBUD9,1b693f634f3047d6aa0bfafd486fcd51
A3MYPYBVHX7FQ2,a6dd76d59f0a4cf0a6fdc4455fa4b639
A3MYPYBVHX7FQ2,b6620ed18c174f708138abb59ade11ca
A3MYPYBVHX7FQ2,193eacf06dee44f788a52e1d2652419b
A2YTQDLACTLIBA,ec89045037c142869afb5fad66c0c912
A2YTQDLACTLIBA,f5258cb106194b4ea243d3842e00b667
A2YTQDLACTLIBA,f5649183e4c24bd785459406069e0530
A3O5RKGH6VB19C,61f79cbacda542fd92422b4be43132b9
A3MYPYBVHX7FQ2,49e04e987bbe4e59bf2baab73f486a26
A2EED3HLTA96CP,244d645564d1493f993123ac70f899e4
A2EED3HLTA96CP,626c3c43e024479baaa6948e2c4b6e27
A3DUPRZSMU9W5R,024f6a5d399545ceb4e9482fe575aa51
A2EED3HLTA96CP,6e931e7308f94a198553a8f24c8feb5e
A3DUPRZSMU9W5R,b609372842a94db2b278d4ad7f7e366b
A2EED3HLTA96CP,913991c2f1c843f68d2f549533418965
A2EED3HLTA96CP,0b755c9e2338496587d0b88471056e6b
A2EED3HLTA96CP,52c100caa73b4d7ba9185287b8863362
A2EED3HLTA96CP,3b62a2036d2643faa4590b94c3fb0d35
A2EED3HLTA96CP,f84d42f7c64c4b92b75b3d718a99c8c4
A3MYPYBVHX7FQ2,af35478b772442319c64d331bc779ed0
A3MYPYBVHX7FQ2,434f519e8863442f810796865db83047
A2YTQDLACTLIBA,85ee6ffba76749fb8e6f066683b0a56a
APRZ7BR8C0ZMQ,f86e93e1f9e8447baa49531e1fe80f04
A1PTH9KTRO06EG,842e37eb2e4d49ea883303dd9b01dc54
A2WGW5Y3ZFBDEC,232312a7bc284724b78c9c71c2b90afa
A2WGW5Y3ZFBDEC,80624eb1f1d241e8b1fa4cdc70d43f0a
A2WGW5Y3ZFBDEC,fcf120025db5430b9ea948e735876591
A2WGW5Y3ZFBDEC,91366311bd76400b9ea7efe17bf8b659
A2WGW5Y3ZFBDEC,b24842bebbc045249f59a791912f491d
A3O5RKGH6VB19C,b6c08c13a3a24bfe81e6186207077368
A3O5RKGH6VB19C,843d5913965e4dee8b3d500b547c3489
A3O5RKGH6VB19C,eefa5bb918f543a088a6ac8680e09e9c
A3O5RKGH6VB19C,d53c0269a7944ab58d7e332de951b22d
A3O5RKGH6VB19C,fc53ee7c7b1c4ad1886004483d6f3184
A2QX3YJXAAHHVV,03f76432a1e149e1887c28daf15807f0
A1E235KE3CSO7H,4cb270632c6e47f5ba6d606d53f66cd0
A2QX3YJXAAHHVV,0762e9fe57434dae90b272429428357b
A2QX3YJXAAHHVV,7ab37dbcbce14ef4aec847b875063e29
A1E235KE3CSO7H,43bda44256df4d51ba681ac40dcfe8c1
A2QX3YJXAAHHVV,9a349a9b53a848809ca59ed0823273b0
A2QX3YJXAAHHVV,df8b3e2640104dbdadd07e6c6475bb4b
A2QX3YJXAAHHVV,5cb5a5445f3a4e82af6dcd70d4019ba6
A2QX3YJXAAHHVV,90c79f94b57b4ef2b3c7d9c4598b7afa
A2QX3YJXAAHHVV,b420f1799193446cb60c42a4cfc5053b
A2QX3YJXAAHHVV,b75ef56faed74be0b4b59e15138e18f4
A1VZSFHTU51JP0,a2ae7a28141944dda986c3124ce58184
A1VZSFHTU51JP0,bbf66945de704afe9c3054b659f7c6d8
A3O5RKGH6VB19C,8c1e099146fe4ff7a633d08fb6f54035
A3O5RKGH6VB19C,932a48cdabbf40ed8622c169b9053efc
A3O5RKGH6VB19C,df7ebb6fc93c419d84052f9579fa6e0a
A3O5RKGH6VB19C,1c6fcfe3faf4499bad4a08f36fb0e941
A3O5RKGH6VB19C,712c00cd50254b2baef9a6af57cfad72
A1VZSFHTU51JP0,ed07606664fb45718dc42629cb072c1b
A3O5RKGH6VB19C,e08f94cbb8024b0d86bb3365221d4290
A3O5RKGH6VB19C,e66a5afb693c47e8b30faeb12e10a7cf
A1VZSFHTU51JP0,a7518c3553b7485a9e01e8bd95843abc
A3O5RKGH6VB19C,ea75cd504c9c4f6e801d18aeaf2e0fd6
A2WGW5Y3ZFBDEC,73a6d974745d4367bddb0059870a3e7e
A3O5RKGH6VB19C,181976aad3154801b8c380e9afc99410
A2QX3YJXAAHHVV,95b8a64db3d3471f9662d0019357059d
A2QX3YJXAAHHVV,478d7bee3c53454fb80f423138913c4f
A2QX3YJXAAHHVV,bb820561ffe24e01ab3be7abb8d325a6
A2QX3YJXAAHHVV,b28b4e5e12c24f80a9e3bf0f3d9cf030
A2QX3YJXAAHHVV,b6211411e58a4a5e8b7f0a2754d4b429
A2QX3YJXAAHHVV,6aebd1be61b34dd1a3154f471c891647
A2QX3YJXAAHHVV,f9ca19925c9f4e7ca77044766549ea83
A2QX3YJXAAHHVV,ae1a4e491d3045dc9cac0b30f832667e
A2QX3YJXAAHHVV,06a646f4746648eebec3e1869b713d7e
A2QX3YJXAAHHVV,114dfaf5c4a0437880b6829c92b9dce8
A2QX3YJXAAHHVV,b2a06d7e1afb42439ab15004d1ded82c
A2QX3YJXAAHHVV,3fd4689bc9384b6180595d77d771a312
A3O5RKGH6VB19C,7748d213f66743dd9abe45f23dacca99
A3O5RKGH6VB19C,b79722adbf4c4301832af916f636ff2f
A2YTQDLACTLIBA,7f7612ebfa1544d6b25fbbb53a49a5ae
A1VZSFHTU51JP0,fd520baa3a5a4cd3967318729d67382f
A2EED3HLTA96CP,092396c287e54c3d9454ba20bb1ccc83
A2EED3HLTA96CP,616c20d27921488686ac8d50bf911c9a
APRZ7BR8C0ZMQ,8590b229160046b698adbd688baf377f
A1VZSFHTU51JP0,afa0f80124e94b3b9793b29f814765c4
A1PTH9KTRO06EG,91c5030e4af74e8a870fa98675b6681d
A2WGW5Y3ZFBDEC,15a3a2aac98e48af9335bbdb3611892d
A2WGW5Y3ZFBDEC,53c9ba115f4e464da26ee9dfc9b8daf8
A2WGW5Y3ZFBDEC,f6f47e11cd064b9a9e1647878516be9e
A2WGW5Y3ZFBDEC,beb2455e6a514e41a535aa51532f3d1f
A2WGW5Y3ZFBDEC,8d93814aa76841fbb5fc1fbf3fc24a4a
A2WGW5Y3ZFBDEC,09770cd9061f456fa6d82db00b43a0bd
A2QX3YJXAAHHVV,4087251840494e2f85eefbc4537add1c
A2WGW5Y3ZFBDEC,68fd27f0d07a4a319c9f931331f16e2d
A1E235KE3CSO7H,278c77bedc924472bf0f0061598575ca
A2QX3YJXAAHHVV,c5af75674d5b4710a0bb470ff3761ad7
A2WGW5Y3ZFBDEC,2b26596dffdc4403b160b0e12bc5daa9
A2WGW5Y3ZFBDEC,4e68d0c88bed4e0f8b977ed56123b626
A2WGW5Y3ZFBDEC,ae3d56d704a74f80827bbc54d685bfc2
A2WGW5Y3ZFBDEC,3e1e3f82426c4b5682b3b315908dd8f8
A2WGW5Y3ZFBDEC,477a7999cb944914ba1a1141db81b44f
A2WGW5Y3ZFBDEC,69b4d60dbea24e83a939dbef50497919
A2WGW5Y3ZFBDEC,f579d31e1bee4c75826e8a5f24a0f25f
A2WGW5Y3ZFBDEC,47f1f3cedf5e4a779470a1816fd625dc
A2WGW5Y3ZFBDEC,7be4ecb3af5340b39c4f0d3ba63be068
APRZ7BR8C0ZMQ,80005a3c4ee74a1cbe252ef51a2cc4b7
A1PTH9KTRO06EG,2b0bf00c87074030b36a423d292605e7
A3DUPRZSMU9W5R,5a043fc7d564442d8d66a706b9ff50fe
A1PTH9KTRO06EG,7fdd4ec9a2164e9d8f3d28e1db1df08c
A3DUPRZSMU9W5R,9dc2ff98e5244628989c4bd4be983dfe
A1PTH9KTRO06EG,78584b68efc441dc9e63092f93760523
A1PTH9KTRO06EG,df1fe58fe9244c8fbf1183f385d2112f
A2EED3HLTA96CP,4ef600b3d75344abaad59aadc0fe200a
A1PTH9KTRO06EG,c291ea51ad6c42a887c1fd2464edebe1
A1QUQ0TV9KVD4C,ae1f2b6df9a74fe4b1eeec602bf6c3ae
A1QUQ0TV9KVD4C,af7e60f790c941399e2b3b6306d9131d
A1QUQ0TV9KVD4C,d1c88e2180184f86ae24fb566073920a
A2EED3HLTA96CP,ea10c484cd6245f6a5840eea4b4b143b
A1QUQ0TV9KVD4C,78c867c5fe114a258e45a78d28131cde
A2EED3HLTA96CP,a8e549506ba24360a68afdc95e094e57
A3OLRWACCCCUTU,ee97167c47cd46aca00d02fdb8821697
A1QUQ0TV9KVD4C,502e693d76204b3ca6935c39fc955113
A2EED3HLTA96CP,406e98d0ec3c412397412ac18367d491
A1QUQ0TV9KVD4C,a7d770fdc88c4a00855f52c662a629ad
A1QUQ0TV9KVD4C,8db86d15b8874bf48a6e5cb948064409
A1QUQ0TV9KVD4C,5b6d31f421474c3483b1bd08227ff95d
A1QUQ0TV9KVD4C,2404074432c445018ff2b9f2b6ff89f4
A2EED3HLTA96CP,ba5029002a8e486f98404e68e850a3b5
A1QUQ0TV9KVD4C,e1fd275c34ab4aae9e3a119b0dd3f0b4
A1QUQ0TV9KVD4C,08182f9617eb4a5ea65ace997be70b9b
A3DUPRZSMU9W5R,ea22b448ed0441a093211cc71c8c35e3
A2EED3HLTA96CP,d40c6dfd679b4152b3f9334e56053ecf
A3DUPRZSMU9W5R,87958a503957482fa3a5b13de3fbb296
A1QUQ0TV9KVD4C,29aaf42bc9b0486abeb1191ec2365f3c
A1QUQ0TV9KVD4C,87428217b0aa4ca8a6001d5c46333f90
A1QUQ0TV9KVD4C,85270c60200e4e2886a19f9d0c2b4080
A1QUQ0TV9KVD4C,935d692d86f6441b85a7f49c0cd9267d
A2YTQDLACTLIBA,5e3161b439134fb992482c957f30f78c
A2EED3HLTA96CP,4831f92b228149c191708a694807853e
A1QUQ0TV9KVD4C,30786a82a19c45a6a77a12963fa21ea0
A2YTQDLACTLIBA,5ce9377e21734670be93606815ca2bc5
A1VZSFHTU51JP0,0c386c86781946b8a979914d10d70408
A2EED3HLTA96CP,d4759814eb5d4d17bfcbe373d0947e58
A2YTQDLACTLIBA,e1f3635407a34cada54aafa852bcb52d
A1QUQ0TV9KVD4C,1524055efcec4b43b192c6b706e44b1e
A1QUQ0TV9KVD4C,536987ff6f5243f6b3f620aba1c3bbfa
A2EED3HLTA96CP,25e8108b41f54a0ebfffb047cccf0f30
A2YTQDLACTLIBA,2098ac5fee1e439ba40f9f63c679835e
A1QUQ0TV9KVD4C,3ec3668b51e041b8a2b96eef1bdf05cb
A1QUQ0TV9KVD4C,c499d0dc0119445abc11ed50c2826113
A1QUQ0TV9KVD4C,2082492048fb4cf1b71ca0db882614c0
A1QUQ0TV9KVD4C,75ca76d5d28b411098cc9819cb5d7b56
A1QUQ0TV9KVD4C,311f76bc71594efb82a6e67aac6e7b2f
A1VZSFHTU51JP0,acfb5f25d1ce43cab27b6e945b14dd1e
A2EED3HLTA96CP,9d434f5659c34d98bc3fe8a4bb5a4a91
A2EED3HLTA96CP,73339baf931847a2be52f80f66252a1b
A1198W1SPF1R4,397a3daa2e234b5aac44e3756e7399b7
A1PTH9KTRO06EG,1cb5822da5794e2a8bb6346c4959a4e3
A1PTH9KTRO06EG,6e1f579ba29946d1b88b76320de96dd0
ASVRLMDNQBUD9,c96be18e04be41e48542d975337fbbed
A1198W1SPF1R4,99dcceb9d7394bd1986fbf3572b3efcd
AZCGF2D7QIO10,91e0856327a04acb8f366faea281f072
ASVRLMDNQBUD9,1ece5cdde9bc44439c5f117d31e73dbf
A2QX3YJXAAHHVV,8621bf6cd9e341bb80194d19d210b7e4
A2QX3YJXAAHHVV,1bb5ec50edd24bd8a1c6a6aad602b613
A2QX3YJXAAHHVV,87462f8b2df5473d915e2188a20ebf0a
A1198W1SPF1R4,3778eebfc9df42429aa1f23db1934a9d
A2WGW5Y3ZFBDEC,e154ac86120c4521b5355141a96706e8
A1198W1SPF1R4,2479e0314b8d41fcbfb626f38d2029d8
A2WGW5Y3ZFBDEC,e09efe9c9d194f2890fdfb149d29b393
A2QX3YJXAAHHVV,718fb788986c45858fe6e83e045c51a9
A1198W1SPF1R4,7d2b65dc5d284f18a56270271f023352
A2QX3YJXAAHHVV,5f49697c13ca47efa9291d3577228996
A2QX3YJXAAHHVV,ac909f8258ae4869b1011f700bbe17a9
A2QX3YJXAAHHVV,34cb11d1be2f4a60a350d9d5e6dc45f6
A2QX3YJXAAHHVV,a4d6ef02891d4a2186ec8f1e41892279
A2QX3YJXAAHHVV,aaf98c53570345aeb669f0828e0d0090
A2QX3YJXAAHHVV,3d3b51040a84446a8576ff28a1c9887a
A1PTH9KTRO06EG,0be30355c4764eafa7a8939b9c2b42dd
A3O5RKGH6VB19C,551833edecbb48a9a13b5498cadd6346
A3O5RKGH6VB19C,5f43b93d95334de7a886100e5e0a73b8
A3O5RKGH6VB19C,0921c359278b4b64b572a816ffe67ffc
A1E235KE3CSO7H,5960818e4b234acab13c90618afee4b3
A3HE29W5IDR394,255895948b97428686b11c534cc8de9e
A2EED3HLTA96CP,a37397d4adbe4733a8026d82dcf8d7a0
A2EED3HLTA96CP,4e45f719739a423899b044f67aee9eb0
A1PTH9KTRO06EG,093bf29840194d24ba2b828b3a6e04cd
A2EED3HLTA96CP,fcd4884cb1ad44e0b1a1e1304cd61cb0
ASVRLMDNQBUD9,4d64b8adb8544d60beaf585c83747e97
ASVRLMDNQBUD9,2a08ae62ea9849cf8d3b48513dd1514d
ASVRLMDNQBUD9,2eec737efca444bc893bea2f5b791a00
A2EED3HLTA96CP,f1d70b54c33f475192d3f503a4c6fd84
A173MXK429XAZQ,8950ddb597804d51b4cc61f144e96338
A2EED3HLTA96CP,e829b10c37c44068b58804a38e1f4840
A2EED3HLTA96CP,a215d4b3242a4e999ee6fafdd793cac6
A2QX3YJXAAHHVV,89549d7269734058b04d5fcf33e3ebfe
A2QX3YJXAAHHVV,61de020340f54d10a332f6aecc8079a5
A1PTH9KTRO06EG,836d8f49af1340ee84cd534b2051bd34
A1VZSFHTU51JP0,266f0df3fa994ce1b0b8b37da8169d62
A1PTH9KTRO06EG,4fc378c03e0a49b6a9a2674ed809242d
A2QX3YJXAAHHVV,e0e217d7089d4c189bdb36c865976818
A2QX3YJXAAHHVV,b6e3af6257c84970bf770a3b30c573c7
A1PTH9KTRO06EG,4593c00c9c5449e2b4b2a66287847ab3
A2QX3YJXAAHHVV,f31675baa0db4b3384abc09724eae09f
A3MYPYBVHX7FQ2,51ed55e505064fc9ab0bcde91766f55a
A1198W1SPF1R4,90a41f5187c046ada1cdd459d2036ac5
A3MYPYBVHX7FQ2,fe677c513394449e987eb3ccce62d03c
A2QX3YJXAAHHVV,8c884bfc6cad45cf9b9609a7acbb0bf7
A2QX3YJXAAHHVV,c85946d8cedc4e57be99bce987e339f2
A2QX3YJXAAHHVV,f0ca76b1be0648018bed5d7c436b46c1
A2QX3YJXAAHHVV,be3ca3b27136433fb002393bc6f4689d
A2QX3YJXAAHHVV,264c2d834f5348c9aba2122d6b52bc8d
A6KOTWP7N7RLU,35a38bcbc9e94604b0c731ca8cc5de51
A2WGW5Y3ZFBDEC,b6683afb932a48dbaa3ba337f1ee1db1
A2QX3YJXAAHHVV,dd1b1b37988f4fdbb004a83d5f42ba62
A6KOTWP7N7RLU,83a18344884f45408957086dc933dfc7
A2WGW5Y3ZFBDEC,4942e7f2ab484c3291c91473fbc22b5e
A2QX3YJXAAHHVV,1187e9a42efb4890942bb7963eb0df4a
A2QX3YJXAAHHVV,5001633aeeef432bae4d36268e3c7be6
A6KOTWP7N7RLU,aec86c4e50874219b34fc6bbebe815de
A6KOTWP7N7RLU,9acd2cb9d930425fba58dfd597a8449a
A6KOTWP7N7RLU,5de04cda76194f70ba4a49ba5c34ad14
A324VBRLXHG5IB,76994249d6114936b74be6fa7a79e79b
A6KOTWP7N7RLU,d08ae131480c41d8bfa5dc129fdd468c
A324VBRLXHG5IB,cc85690dead449a393defdea082229c8
A1198W1SPF1R4,6dddf664e4be4c41a2fd91069d43a600
A3O5RKGH6VB19C,facf3f35823f4de3904d48cd6fd57216
A3O5RKGH6VB19C,b4bbf40667d64a6ebd248ebb87a3ce5f
A3O5RKGH6VB19C,97cabee8b1434aabb912a590ead973ce
A3O5RKGH6VB19C,7944986ab0fd42e9a2c615181d024cad
A3O5RKGH6VB19C,fa68c16d925c4ec08cbb9e393982aca9
A1198W1SPF1R4,d6f24fb3c9c84d2cab1c70387d91d739
A3O5RKGH6VB19C,dd0cbba1431349d985aca86e9e27359d
A6KOTWP7N7RLU,0a83297c1ce94d15b358d79e533396c7
A3O5RKGH6VB19C,97fdc99773cb4a479fa44636563e5453
A6KOTWP7N7RLU,5a933e794e664407b79affecbbe3d4de
A1E235KE3CSO7H,9614fb65fa5146549e303e13586a947b
A6KOTWP7N7RLU,19e0638afb10418090e98d1da3e7de55
A143XRCI1YXAFE,f32c0ee4236a49dda07481052a6fd6e5
A143XRCI1YXAFE,bce8bc77519e4247a5f545300a8c4ff9
A2W121DQXNQK1,c1cfb1257eb04d438527925f828f0024
A8C3WNWRBWUXO,d66ce131a9a84210aadfe68e211e29df
ANCIB6B6EBBIJ,c189c81b229d43d08fd95cf5f8e2efd3
ANCIB6B6EBBIJ,75297fb95d624e0fbc4f88c114a790e7
A8C3WNWRBWUXO,c790c4b915e84dbf8e283b598105ea90
A6KOTWP7N7RLU,9d3e7052684f42c1b805622fd2aa1c26
A1VZSFHTU51JP0,3959b06dd9344c6aa484b3d6b14b4a27
A6KOTWP7N7RLU,982b7a3621a745a8a4b5b7aea92938b0
A2QKAA5YS0P4CI,4cf7657748194823a3c4349e8a469c99
A1198W1SPF1R4,d4c8237fa5f842c6a882d79184a82c59
A1198W1SPF1R4,3b78cf42ca2b41cdbc067aeceaa82a92
A8C3WNWRBWUXO,5a9ce5e82d814d418a7a1a0be11d36ac
A8C3WNWRBWUXO,4e3e3c07acd645eeac9f8a18dcc9b796
A8C3WNWRBWUXO,47a8415fe50c4a03ab98ef71901e3368
A1198W1SPF1R4,40dce3e97526456ba66fa9765621ad70
A3O5RKGH6VB19C,da3414296aae462498909b5fa7086161
A3O5RKGH6VB19C,36586c688d824b76971efef44868fe05
AKLV0WIZZ356X,b5f8899be4134579aa75c7625414fa25
A3O5RKGH6VB19C,d701053d959a43399a0f3877dab22dd8
A2W121DQXNQK1,f8871519cd244b8ca5414fd211baf9d5
A3O5RKGH6VB19C,8cd013d1f1c0425aaf34f6295e350c5b
A3O5RKGH6VB19C,c95024d4d29d4d90a8aa665aef6397aa
A3O5RKGH6VB19C,789bc47680704b249863757263a484b7
A3O5RKGH6VB19C,185067c797e34884b1408a69680fe28a
A1VZSFHTU51JP0,c3c6c170b591441d84438080a0493828
A1VZSFHTU51JP0,a9feecdb84e14399936bbbe1eb2bbfd7
A1VZSFHTU51JP0,027db48dd5c84f9ebe6a19c5ac9ce502
A1TW2BZRRS874Z,34919f6ff8774bca9c7632e79f43b572
A8C3WNWRBWUXO,5a3f1a4ce4ec4551948e72537479b286
A377LTGWJKY2IW,8e68479f14394dce8f30aaad91524538
A23KAJRDVCVGOE,c122541b81664615bcc5f3c2bebad597
A1PTH9KTRO06EG,274b3499d10740618bafbf67ed900094
A3S67QA0SQVPUJ,c286d6136e35488f967ec0581cc49cfd
A3S67QA0SQVPUJ,6d7b66caeb974603a770490a4a83c38a
A3DS5B06ZCD3E3,9693af5c800e4c39bb42198f8ab19c96
A1PTH9KTRO06EG,758b76b82ccf413aa93fd4d74624d288
A3DS5B06ZCD3E3,8b886d12eeb14f21b8bc96c5a1215336
A3S67QA0SQVPUJ,883da543f4194cc29bf0dafacaa686ab
A1PTH9KTRO06EG,3ae5a0c999e74de5bd0a8811e7eeef73
A3S67QA0SQVPUJ,96d31c3aed4243f584d74a450311eac3
A14OQ52EFQAN2W,4503b999b72848f396258761c04cc7e8
APRZ7BR8C0ZMQ,575795c2253e49f9adb3bd64dd8bf896
A3S67QA0SQVPUJ,0cdb0e3ec5a64d018bb724e707296523
A3S67QA0SQVPUJ,c1714313080c448d857756a2e0ad6071
A3S67QA0SQVPUJ,f7a0e6bf24104ad59bccabf84bf41b86
A2W121DQXNQK1,2f57e9155477457aad589a7cc507cd68
ABL2FXYMI00T6,440fa5b3461a45579c96533ffe0e1396
A3S67QA0SQVPUJ,d85105525355435da52d20ce7a4b7620
ANCIB6B6EBBIJ,5a4cb8c136654eca8e43025462bd2bf0
AZZA3J049G7R5,7326c807097f4685b819645e8a6fe248
ABL2FXYMI00T6,78526ab498154d079cd1b2584ee25e3d
A3S67QA0SQVPUJ,65564e291348443491a3701f80d2b99d
A1VZSFHTU51JP0,7f7139dd71de4963accdfb9d471836a8
A1VZSFHTU51JP0,02aa8f6a107341ceb9cd2ef1a43da832
A8C3WNWRBWUXO,3abe5c42eefe48868ba2f185d1853c93
A2ONILC0LZKG6Y,f86105405d7d4c87bbfcd6b91d5d53a3
A1198W1SPF1R4,07dab80e78f24a8bb09384e9067719d0
A1198W1SPF1R4,ea6ffaefc6fe47b98a0bbbaf58f0e409
A1198W1SPF1R4,875a0703850a4f4d97dcbacdf2690dd5
A1198W1SPF1R4,5233fde72269427db4cd417546bfddf3
A1198W1SPF1R4,c88c771b282d49af9c406582462da7a4
AUAAHI7AUJ419,26ef513f441b4cff947d376a0fe1fb5c
A1VZSFHTU51JP0,01bc6cf8deb24d5e8877daac7cb4d086
A1198W1SPF1R4,3b0ba1980f8b4d1c984ac8d8e5f546f6
A2W121DQXNQK1,06239d83b27840aaa169512cc8babda0
A2W121DQXNQK1,3be583425f4c4656a906a036b13e963e
A118BQHK3S4UDV,4a1587e75edd4d1297755c1f526108d7
A118BQHK3S4UDV,3bc6de35276140e98771dd17c5773c06
A1VZSFHTU51JP0,ba74a6b6e52d42318d8ab8ab67651632
A1VZSFHTU51JP0,6fd58f906fe945bcbfbb07fe84816bc3
A1VZSFHTU51JP0,3d0be5ccb3ba4bf7aa4f243e70dcafd3
b38b55361ff74d31801bb1a9d7d19d2d,b38b55361ff74d31801bb1a9d7d19d2d
A1VZSFHTU51JP0,3cd70a8705814f8eb1344dca49679aee
A1PTH9KTRO06EG,07052b6123424ad2b3aadfb9910d0fc4
A143XRCI1YXAFE,9d9b9dfaa2b5423398abb53fd06f857d
A1PTH9KTRO06EG,a61420ddc0944dc2b15962c5f7e9cc05
ANCIB6B6EBBIJ,474d81b6da2d453aa90eade3a94276a2
A8C3WNWRBWUXO,7b93ed4e9e4b4cd0a9ff25766708881f
ANCIB6B6EBBIJ,ef55c8ebb7da450e8339b2b17bcc1065
A2W121DQXNQK1,221820be7d8945f99af46d423ad57864
ANCIB6B6EBBIJ,eab0944cac644cf39767ad674d8a79cd
A2ONILC0LZKG6Y,9f78d6e56aac47f6a4927dc231cc6f98
A2ONILC0LZKG6Y,825d93ee72ec4f8390286a45eca1a2a6
ANCIB6B6EBBIJ,8c11358444974bf0b5224183acd8149d
A3S67QA0SQVPUJ,6c63751ce75d42eaaa22d89ddeb89d88
A2ONILC0LZKG6Y,2465c23b3c7e4d1dac1c5ee02bc878d7
ANCIB6B6EBBIJ,d4b47a8a66b84e8ebdf986e6d4edf139
ANCIB6B6EBBIJ,1666138deed446cdaa2afc26f72aa18b
A3S67QA0SQVPUJ,ee15d49584a54e8ab79b140e400276ea
A2W121DQXNQK1,6f952927ae564d28bf573199e132ba66
A8C3WNWRBWUXO,e2cdf3ffc1fb4396a67368c8331d4f58
A1198W1SPF1R4,971b30521fb149d88af88aa7b686c2af
A1198W1SPF1R4,74d03d9ca487448ebe2ffcbad7399b9d
A1VZSFHTU51JP0,c0ddb4d2d0554f3aacd95fcd3c4bd4eb
A1VZSFHTU51JP0,748af209d9014eeb9a66146e3db9a1d3
A1VZSFHTU51JP0,0435d4e4088e4592a339c301328c157c
A2W121DQXNQK1,90f6335118ab4f52b0db9c5ca271d4d2
A1198W1SPF1R4,a8268620a9a74cd9a64bd82f90723729
ANCIB6B6EBBIJ,d335521141c84360aad24ece4e5760f7
A1TW2BZRRS874Z,ab72069c90cb4448a2c6fcaec1df7787
A8C3WNWRBWUXO,bdd6826fee2c4f38974238932fa351f8
A2W121DQXNQK1,20be391a8fee48709aca74a7c24fac86
A2W121DQXNQK1,9b439ea7aa404000a1e0ee118bdbfbd1
A8C3WNWRBWUXO,30e6840eba364ca984ebf0c4b5451277
A3P9TM5PRYBH90,c42ae1a2e39e4d63ab7beaf4139150d0
ANCIB6B6EBBIJ,d99cfbfd0ad046c1aae83216a52334d9
A3P9TM5PRYBH90,00bf170a815a42359f3aef35f5674ddc
ANCIB6B6EBBIJ,e3771827917b40df9c4b10981200336d
ANCIB6B6EBBIJ,5caae848f6e048e2bc791363cc27eb30
A8C3WNWRBWUXO,e06104f363824cd3b6c204c905c47f71
ANCIB6B6EBBIJ,1ab526811cb04829be91e2ac7fd18b67
ANCIB6B6EBBIJ,66205a33c6084ec39f3ca9ebd2c0cfee
A1198W1SPF1R4,ea8c98f9c0ab41d0b488acadca0e635b
A1198W1SPF1R4,1059f00ce0f042808d27139c2a2ca9c5
A2WGW5Y3ZFBDEC,abe2312cebab43598d4c4f6a2de6a6be
ASVRLMDNQBUD9,8065039701b844098386ffb491f3441c
ASVRLMDNQBUD9,bb1c9d77d4044d218d5adebb777b9bf0
ASVRLMDNQBUD9,6bbd6fd6b2fe48eb8e24f929d79c604d
A1TW2BZRRS874Z,da52704cf8be4a04a76e7a2432de2c99
ASVRLMDNQBUD9,f4a37d456e9c414c876d45673289987e
A1TW2BZRRS874Z,66887514504f4d5bb9a0ae2be9196fbe
ASVRLMDNQBUD9,de90bdd73b72426daacc29cd1e1a2e97
A23KAJRDVCVGOE,f1c71be96fd04e3f8008c90725349283
ASVRLMDNQBUD9,9d88e84f3ba541d49232eab96aa434d8
ASVRLMDNQBUD9,59db19c61039473a9da6c6e1f66b6c4e
A1TW2BZRRS874Z,5d791cfaaf294406853413dda451bf2f
ASVRLMDNQBUD9,c67b81a329e94a0095f9af21bd61adec
A377LTGWJKY2IW,38e1a33885914802a41a324e7a6d146b
A377LTGWJKY2IW,cb02390d4b60449da399e645b91440d4
ASVRLMDNQBUD9,04cb21c58e7845ae9eb740c4756731ed
A2W121DQXNQK1,1869b9eca05c4d7bba240afdabbb72e5
ANCIB6B6EBBIJ,ed28deb9482b487187772fe47682f1f4
ANCIB6B6EBBIJ,b219ab2c3b5140e3a209c6324af6344b
A2W121DQXNQK1,b6d0746f4ec6460c96f4fa9e162193bb
AZZA3J049G7R5,14c0fb6353864b748f56af9aae22343c
A2W121DQXNQK1,672befe865e94480ae1cb6fa8aa473e1
A2W121DQXNQK1,0f44162d5cef4e95bc4400529003a066
A2BPXWBO2OSJRP,5107cf5a8ad048e99b0d92892e98d40a
A1VZSFHTU51JP0,cd99ed0ca6f244039d82b04f4e9fdc60
A1198W1SPF1R4,68e4049ae7b64e988703b135729ee29e
ANCIB6B6EBBIJ,f84ff332dc06486c9d61698be8666941
ANCIB6B6EBBIJ,28235ea07022429aa701f74544db5684
ANCIB6B6EBBIJ,d96bcc1feae84415a6c1abeb78195689
ANCIB6B6EBBIJ,3622a1e30581463fa5850f1f8325d26e
A17AF42SNQNH9C,9a85784e74bb49e48c68a9f6695efad2
A1198W1SPF1R4,787e032a5802459e9ac5731cdeb7b077
A3P9TM5PRYBH90,c775fecac8844b6fbc25b059301c7ae8
A1VZSFHTU51JP0,b8f3d57696324094950711edd32a4fd4
A1198W1SPF1R4,203f7cabc70f4567880fcf12c27aad39
ASVRLMDNQBUD9,ffe94583242c4ffca4b1546bb39ba5c2
ASVRLMDNQBUD9,96dd69eab5d846999c72d9b89734f6ac
ASVRLMDNQBUD9,6490ed06d61d45fdbd1c0709ae538f9a
ASVRLMDNQBUD9,547fa8cbc3294669b00903779ce63e9d
ASVRLMDNQBUD9,295e559fea27456e96aacce96d44b169
A1VZSFHTU51JP0,ebe81e9a3f3943e0bbfccca97f752e41
A2ONILC0LZKG6Y,95804c7277db4d538b06492830bed43c
A1VZSFHTU51JP0,6d9089d1570347fbb352497546c663fd
A3S67QA0SQVPUJ,8fd8bba68ff245d9a7b61561da572c22
A2W121DQXNQK1,dcb51651d76c424ebd58a8802629f05c
A3S67QA0SQVPUJ,608e5b73341a4f3ca937316f99dae32d
A1TW2BZRRS874Z,30e1d495e4e04d49b8b0a9cb6e193500
A3S67QA0SQVPUJ,09644506674341f5b14e0d62c88ee70a
AZZA3J049G7R5,cc53a2225e9b413e84efba8500f8c907
A2W121DQXNQK1,79a6126076714a1ba4fc9abc52c9201d
AZZA3J049G7R5,60ac23b47a594ad881b0ee62839b1fcb
AZZA3J049G7R5,bac237f54fe449e18334a685c6381657
AZZA3J049G7R5,4f9f5825c1df43ac9285bc17f136a17b
A3S67QA0SQVPUJ,a07a7de4e164491eb8f26d9029d58e36
A1198W1SPF1R4,1c5622c21c424b91a8325faa0c5e753e
APRZ7BR8C0ZMQ,707e42157d1e4889ade8302bfca7f90b
A1198W1SPF1R4,79ba2a0b081c488c8756d76f2e7a9e9e
A1E235KE3CSO7H,f1523aa1deaa487c917db18be99ac355
A2QKAA5YS0P4CI,fb5e90d056b14b128c73f0d7cd366304
A324VBRLXHG5IB,2160426dc41f493dae05e8ca84ae5a1f
A3P9TM5PRYBH90,0b7c8c2c9e9141e3874e5782b3c41ea1
A3P9TM5PRYBH90,d7de4777f84246b8896f38fac0494b17
A3P9TM5PRYBH90,c6bf0514feec40d58281a3c276051cf0
A2WGW5Y3ZFBDEC,b2c98830d3e647fa840909e7436c1750
A2WGW5Y3ZFBDEC,69655d09325f45e6bc4dbe10afdad674
A2WGW5Y3ZFBDEC,9ec10cba9d8c48428d656fceff57e834
A2WGW5Y3ZFBDEC,549faa4663e44ffbb3f26beca1bf95bb
A1198W1SPF1R4,b8be5a82533b406bbf13aaa587a8d924
A1TW2BZRRS874Z,2299e07da7d34d62954cd8e2ba239afb
A1TW2BZRRS874Z,3cd658ad2bfe4df6bb303a408d30feb9
A1PTH9KTRO06EG,d142990f5b1f4cb0a8e44cb371446374
A1TW2BZRRS874Z,562f6952bc854fb3ace39e940b786320
A1TW2BZRRS874Z,54c597f302a9404caab702a8499b8aa0
A1PTH9KTRO06EG,74c7e84ad70d40ca97fa859664465bee
A2W121DQXNQK1,b51acee6aa7944d3b666627e29aca5b8
AZZA3J049G7R5,99038d19ea0740af917ecca9a303b06e
AZZA3J049G7R5,2f48900f757c47129a7cbf00d6130ab8
AZZA3J049G7R5,9e8fdbe7131247ea806fd442b5f1cb61
AZZA3J049G7R5,bf7b93c441c34938b380a46cdbc1ae93
A2W121DQXNQK1,87aece063392475f9b131e8d2eb89337
AZZA3J049G7R5,3d916ba0c2b84b2491f3c8ba1dff9504
A1VZSFHTU51JP0,1855af9b837c4635a227739875aae193
AZZA3J049G7R5,ee27a30ee83c4349b80fc05e81c00a82
A2W121DQXNQK1,eec20f24484d418eb4ba564fbfbc2ab6
AZZA3J049G7R5,312e3263a9f24f3184364949a42a6dfc
A1TW2BZRRS874Z,77f36111a79b43b086fe0306d8644e56
AZZA3J049G7R5,423daa7fb2214d1093f73d4966240646
A1TW2BZRRS874Z,66b87321ccb646ffb7ed0d0bd7edfc70
A2W121DQXNQK1,fa70668f568445dbbce5ec1e3ac03bd9
A2WGW5Y3ZFBDEC,92d3272c14f94dc3b174d21b5592e417
ANCIB6B6EBBIJ,c7e132abc4b848b2839eef154a77351c
A2W121DQXNQK1,9b4461a4349f43b8b12dea3e34256caa
ANCIB6B6EBBIJ,d33439c9f8374d128d1696448b533162
ANCIB6B6EBBIJ,11914c731ffe464791f9cb2b375f4d70
ANCIB6B6EBBIJ,43683de35ed942028d6c9b08538f0285
A1TW2BZRRS874Z,a9aa499623e3453dbcd52de1c862f71b
A1TW2BZRRS874Z,1d6b400514a04f3fab52502ea74b2d2d
A1TW2BZRRS874Z,78c9d9452b684824a388ee3ce7081f99
A1TW2BZRRS874Z,ce44bfa50a2f41d8820b18427056fc8f
ASVRLMDNQBUD9,b7f82fbb0ba3481884581b9b0ba571a2
A1PTH9KTRO06EG,4b119edd75174d1fa4a4c3c63493ae11
A1TW2BZRRS874Z,0bcb6a7180d64d7c9af732f3ad5aff51
ASVRLMDNQBUD9,fe46e037bf15417e9ee531eca61f3635
A1TW2BZRRS874Z,4eec3373098b43d7a4021b40ee73bafb
ASVRLMDNQBUD9,89636fe51d724f15a23f1cef4124191f
A1TW2BZRRS874Z,c6fe39f226d74fa59bd666ff93329993
A1TW2BZRRS874Z,d374cad6be364ca08df8064807b4696e
AZZA3J049G7R5,6529f521e6be4270ae0e823ce6690471
A2W121DQXNQK1,6b299ebb735248fea2d0ea01d2766a80
AZZA3J049G7R5,f8980235f9794c2c84f3308e76e93e90
AZZA3J049G7R5,3f08232e93af452cb4f47c0bc22a6980
A2W121DQXNQK1,d53b703b2304403cb055e7913ac68728
AZZA3J049G7R5,9c4c0d44fdeb452aaada54d0d89e7ce5
A3S67QA0SQVPUJ,8288555e033840c3a745e220afdb4aa6
AZZA3J049G7R5,8c58982958c1470dbebaff31cb041f9e
A3S67QA0SQVPUJ,e7107e7319eb4ab18a7e3fc4445b2d91
APRZ7BR8C0ZMQ,c5f794c4dc3f406abd65ff4ecd7af49a
AZZA3J049G7R5,804e81a11f6640f9b023a5f2d1ad0671
AZZA3J049G7R5,6216903d3a89486d9ffe584e109e3300
APRZ7BR8C0ZMQ,25c8204b269c46baa42c4dc816b87c1b
A2W121DQXNQK1,13b2ae3d425e4b76b887182418ba4f58
A3S67QA0SQVPUJ,2d20ee9a7295455a9ab7cd2d8140ddfb
ANCIB6B6EBBIJ,e6b54867c5fb4b8a9806a93b6cee4526
ANCIB6B6EBBIJ,c790716311e749bfac75cde237a3f5b6
ANCIB6B6EBBIJ,5d2c9f7e84ba4ec9a805fbcc37487f0b
ANCIB6B6EBBIJ,fdd85d76a9eb42d994e75ce952202309
ANCIB6B6EBBIJ,2f07a39c7b1848559d1f4786591771ba
A118BQHK3S4UDV,b30082b36e764dbd859c020b10fe78b5
A118BQHK3S4UDV,9bd7285cf8f84693a183dc4a452c61bb
A2WGW5Y3ZFBDEC,6d0dc9355f9c4e0aa729c19733f3e3fd
A2W121DQXNQK1,85e6bf7f0f3844f3a9f88b7f3350e6f6
ASVRLMDNQBUD9,bc8d66bc301a491a86f85d44cd787293
A2W121DQXNQK1,a07f20a8e58545c78b7b6436c126be7d
ASVRLMDNQBUD9,a3bb5d95c74a46fcbc44d24828f7ab0a
ANCIB6B6EBBIJ,7d7f05714c7e4cbf9050aa44c7de667c
ANCIB6B6EBBIJ,e601f928333c4a8d82e5fc522dbdc1d9
A2W121DQXNQK1,d647f1a5ad614d4eab842e795def2f2e
ANCIB6B6EBBIJ,118ff30fb8c848a9bdfad3c79a0143be
A2W121DQXNQK1,d714bc54e0dc4819bafa77a93927817b
ANCIB6B6EBBIJ,c9cb7242b4c44fdb97c5ecedb7d5cf4a
ANCIB6B6EBBIJ,77f7082a5846485e95262a6dc0ffed79
A1VZSFHTU51JP0,9263032ff341476289f96ee1651ddd5a
A1VZSFHTU51JP0,ffa97e9f02214fdaad83cabea410c1d9
A1VZSFHTU51JP0,6eaf9b00bf214c9e87a914740242b985
A1VZSFHTU51JP0,1ca38e46688e4a758b4c626ce2ba2ff6
A1VZSFHTU51JP0,bd00c8e367554d4287e83dee669b96ed
A1VZSFHTU51JP0,a4fcbdfc711c4a17ad9acebee41ae6a3
A1198W1SPF1R4,1c79fdd1a6c1412990b6abd4c7b57587
A1TW2BZRRS874Z,6a63f278941f4bd9b7e662ea15c765b1
A1TW2BZRRS874Z,fb09238862134d049ff4586332fc2b61
A2WGW5Y3ZFBDEC,b43804135b264aaf84c129e2f6c5be48
A1TW2BZRRS874Z,6407201731724a1d8bf49ed97d7a7f4c
A1TW2BZRRS874Z,685d08c3809e4d6da38d222976bcab17
A1TW2BZRRS874Z,e888cf385adc41b09cdd5f8d486299d6
A2W121DQXNQK1,86d3e1410ca24ecfa486a6b3059b2618
A2W121DQXNQK1,c13c048160f341e9a45952ef2f364ddb
A2W121DQXNQK1,6e21e7baba4d414ebc3218a051cce679
A2W121DQXNQK1,40de050696b84fc0b0150eb8ac1d86b4
A345TDMHP3DQ3G,b15c9dc0bbc1415dad0b1339d32903dd
A345TDMHP3DQ3G,7b3d6b7a25a94d4f85060bbee5dd4682
A345TDMHP3DQ3G,5fc3814b137b410cab4a738f50e91ad8
A345TDMHP3DQ3G,08b1a2012f4d4115b56cc8231449ff48
A345TDMHP3DQ3G,8a89fb0e060a42658033820f12a115d3
A345TDMHP3DQ3G,2b2239b180604f018998fa272576c828
A3MYPYBVHX7FQ2,ef5ff569f6e0458ebb10f2f277612cfe
A345TDMHP3DQ3G,ada1c4b3f99847d9907e77dd96200ed9
A345TDMHP3DQ3G,55c68fe2661343d4b1ab43ba95db5c09
A345TDMHP3DQ3G,d38b7aa16b1d49588816249785db335a
A345TDMHP3DQ3G,22fb1316d9cd447ab4a36bff209e7e66
A345TDMHP3DQ3G,da72913a2d764538a71c9607212b148c
A345TDMHP3DQ3G,23b5950573434bfeb67e045c39c17d50
A345TDMHP3DQ3G,b27f544a5f6e4989aa95af488cfeaadb
A2WGW5Y3ZFBDEC,bb00c5e393af4908b576fa3a86b6fd01
A2WGW5Y3ZFBDEC,2cfe49a1dfd84b57852a6a2d6e9b538c
A345TDMHP3DQ3G,65fc0e4f41cb4ca0b92af3a161da5d2b
A345TDMHP3DQ3G,5300d0e4c21f40538eb8a2ec41b55124
A345TDMHP3DQ3G,cac1461058604a49824731779448358d
A345TDMHP3DQ3G,4398673bfcfd4ba388fb92f193fc582c
ASVRLMDNQBUD9,8d6e9dac68324fae884571881f5b21f1
ASVRLMDNQBUD9,1049b04745b44e7fa2a50d98321c2026
A1TW2BZRRS874Z,7d355b6f3464416ca79fa52dd9c50226
ASVRLMDNQBUD9,bd395e4c6ca24b7f802e1cf176ee908d
A1TW2BZRRS874Z,06bfae7a7e804288accd988a9d2259dd
ASVRLMDNQBUD9,7e6000f8efb947be88e5a6661b737eff
A1TW2BZRRS874Z,1fd40d445a5f4fa6af359b4452866eb1
ASVRLMDNQBUD9,5b75ade5b73644a8b21dd73deb0c165e
APRZ7BR8C0ZMQ,407f635e5ace4dc3929dd7838318b96f
A1TW2BZRRS874Z,70defe65ad00410a83d645e1c08f5ba6
A1TW2BZRRS874Z,bb473744764a4b578bb1cee0127e627f
A2W121DQXNQK1,be8c96da7b8e47f8932e674803ee11ff
A2W121DQXNQK1,96550fd2d40e46c1a430fe0c4e67000b
A2W121DQXNQK1,435605f25172470989a458267ecd6ca8
A345TDMHP3DQ3G,3657ba7cb1a14cc6835c24d68176c42b
A2W121DQXNQK1,e402dd8c98eb4f73b051a1268321cf4b
A1TW2BZRRS874Z,151f3551721e4c6fb81c52dac6217a5c
A1TW2BZRRS874Z,5926ac21bce54d03a6acc6054c6bdbf5
A3VEF4M5FIN7KH,6c16f972111c483a9d45114c12e381ff
A3VEF4M5FIN7KH,4cdeeb7605ca48f8a34eb3c688537ecd
A2OVOVZBJYUO,99787c0818c64ba1b67cb399e5b88039
A8C3WNWRBWUXO,9b94bdf538854dee9dafd358ae40b55b
A345TDMHP3DQ3G,47f742905ea748d3b71bcd2c5684a654
A8C3WNWRBWUXO,f4d98feb9e2f478abc3817bdfef5cca0
A345TDMHP3DQ3G,2d584bbdb1634b0a91a0d271594d122a
A345TDMHP3DQ3G,0bad9cbc52854c13a1b982195f7face2
A345TDMHP3DQ3G,41d8a6e73a1e4df588aebd0ad14d8da1
A345TDMHP3DQ3G,759a22ce504c4259b8ea09651194bf46
A1TW2BZRRS874Z,e03ef85aec8b445190e519003d884092
A1TW2BZRRS874Z,8def8b4e1181424c8009e7c77cd1f1f5
A1TW2BZRRS874Z,2ead04a3167f4c38875802ca6874084e
A1TW2BZRRS874Z,4022d8e5d974472d92c889c74e7fea9b
A23KAJRDVCVGOE,0a08f7fd748246c8ad4e353edb7e2394
A1TW2BZRRS874Z,ca7d13566ada48419cdde536c051af35
A1TW2BZRRS874Z,8f3a8ff6a84e43c9a8e76a8de3936853
A8C3WNWRBWUXO,3554566875594510b570adb5a12a7319
A2W121DQXNQK1,ae8434c075224ebdaba8e215723c9bbb
A1PTH9KTRO06EG,2cd036c85bce43f180f81abd83525110
A2W121DQXNQK1,4c9727b380f34b5baa3d4407f8d91656
A1PTH9KTRO06EG,c25b2c082a184e678a841035032b5468
A1TW2BZRRS874Z,761aaf53b31f4cfda836ca0802f22278
A2W121DQXNQK1,c2395534dfb74c8ab70eec8f139ed2bc
A1TW2BZRRS874Z,85a0e0a84eb147eeb0f2db0b946bab2e